Name	Protein id	Contig id	Start	Stop	Strand	Element symbol	Element name	Scope	Type	Subtype	Class	Subclass	Method	Target length	Reference sequence length	% Coverage of reference	% Identity to reference	Alignment length	Closest reference accession	Closest reference name	HMM accession	HMM description
SAMN04014854		NZ_CP032204.1	1084867	1085724	-	blaTEM-1	broad-spectrum class A beta-lactamase TEM-1	core	AMR	AMR	BETA-LACTAM	BETA-LACTAM	ALLELEX	286	286	100.0	100.0	286	WP_000027057.1	broad-spectrum class A beta-lactamase TEM-1		
SAMN04014854		NZ_CP032204.1	1090699	1091556	-	aac(3)-IId	aminoglycoside N-acetyltransferase AAC(3)-IId	core	AMR	AMR	AMINOGLYCOSIDE	GENTAMICIN	EXACTX	286	286	100.0	100.0	286	WP_000557454.1	aminoglycoside N-acetyltransferase AAC(3)-IId		
SAMN04014854		NZ_CP032204.1	1094392	1095627	-	mrx(A)	phosphorylated macrolide efflux MFS transporter Mrx(A)	core	AMR	AMR	MACROLIDE	AZITHROMYCIN/ERYTHROMYCIN/SPIRAMYCIN/TELITHROMYCIN	EXACTX	412	412	100.0	100.0	412	WP_000004159.1	phosphorylated macrolide efflux MFS transporter Mrx(A)		
SAMN04014854		NZ_CP032204.1	1095627	1096529	-	mph(A)	Mph(A) family macrolide 2'-phosphotransferase	core	AMR	AMR	MACROLIDE	AZITHROMYCIN/ERYTHROMYCIN/SPIRAMYCIN/TELITHROMYCIN	EXACTX	301	301	100.0	100.0	301	WP_000219391.1	Mph(A) family macrolide 2'-phosphotransferase		
SAMN04014854		NZ_CP032204.1	1099218	1100054	-	sul1	sulfonamide-resistant dihydropteroate synthase Sul1	core	AMR	AMR	SULFONAMIDE	SULFONAMIDE	EXACTX	279	279	100.0	100.0	279	WP_000259031.1	sulfonamide-resistant dihydropteroate synthase Sul1		
SAMN04014854		NZ_CP032204.1	1100051	1100395	-	qacEdelta1	quaternary ammonium compound efflux SMR transporter QacE delta 1	core	STRESS	BIOCIDE	QUATERNARY AMMONIUM	QUATERNARY AMMONIUM	ALLELEX	115	115	100.0	100.0	115	WP_000679427.1	quaternary ammonium compound efflux SMR transporter QacE delta 1		
SAMN04014854		NZ_CP032204.1	1100562	1101350	-	aadA2	ANT(3'')-Ia family aminoglycoside nucleotidyltransferase AadA2	core	AMR	AMR	AMINOGLYCOSIDE	STREPTOMYCIN	EXACTX	263	263	100.0	100.0	263	WP_001206356.1	ANT(3'')-Ia family aminoglycoside nucleotidyltransferase AadA2		
SAMN04014854		NZ_CP032204.1	1101761	1102255	-	dfrA12	trimethoprim-resistant dihydrofolate reductase DfrA12	core	AMR	AMR	TRIMETHOPRIM	TRIMETHOPRIM	EXACTX	165	165	100.0	100.0	165	WP_001083725.1	trimethoprim-resistant dihydrofolate reductase DfrA12		
SAMN04014854		NZ_CP032204.1	1108269	1108925	-	catA1	type A-1 chloramphenicol O-acetyltransferase	core	AMR	AMR	PHENICOL	CHLORAMPHENICOL	EXACTX	219	219	100.0	100.0	219	WP_000412211.1	type A-1 chloramphenicol O-acetyltransferase		
SAMN04014854		NZ_CP032204.1	1194838	1197381	-	cyaA_S352T	Escherichia fosmidomycin resistant CyaA	core	AMR	POINT	FOSMIDOMYCIN	FOSMIDOMYCIN	POINTX	848	848	100.0	99.29	848	WP_000281668.1	adenylate cyclase CyaA		
SAMN04014854		NZ_CP032204.1	1350623	1352011	+	uhpT_E350Q	Escherichia fosfomycin resistant UhpT	core	AMR	POINT	FOSFOMYCIN	FOSFOMYCIN	POINTX	463	463	100.0	99.78	463	WP_000879194.1	hexose phosphate transporter UhpT		
SAMN04014854		NZ_CP032204.1	3067962	3070586	+	gyrA_S83L	Escherichia quinolone resistant GyrA	core	AMR	POINT	QUINOLONE	QUINOLONE	POINTX	875	878	99.66	98.86	875	WP_001281243.1	DNA gyrase subunit A GyrA		
SAMN04014854		NZ_CP032204.1	3158495	3160464	+	cirA_V239RfsTer47	Escherichia cefiderocol resistant CirA	core	AMR	POINT_DISRUPT	BETA-LACTAM	CEFIDEROCOL	POINTX	656	663	100.0	99.09	656	WP_000489247.1	catecholate siderophore receptor CirA		
SAMN04014854		NZ_CP032204.1	3859373	3860569	-	tet(A)	tetracycline efflux MFS transporter Tet(A)	core	AMR	AMR	TETRACYCLINE	TETRACYCLINE	EXACTX	399	399	100.0	100.0	399	WP_000804064.1	tetracycline efflux MFS transporter Tet(A)		
SAMN04014854		NZ_CP032205.1	12199	13071	-	blaCTX-M-14	extended-spectrum class A beta-lactamase CTX-M-14	core	AMR	AMR	BETA-LACTAM	CEPHALOSPORIN	ALLELEX	291	291	100.0	100.0	291	WP_001617865.1	extended-spectrum class A beta-lactamase CTX-M-14		
SAMN04014858		NZ_CP024886.1	1663476	1665464	-	cirA_W587Ter	Escherichia cefiderocol resistant CirA	core	AMR	POINT_DISRUPT	BETA-LACTAM	CEFIDEROCOL	POINTX	663	663	100.0	99.7	663	WP_000489247.1	catecholate siderophore receptor CirA		
SAMN04014858		NZ_CP024886.1	3333384	3334772	-	uhpT_E350Q	Escherichia fosfomycin resistant UhpT	core	AMR	POINT	FOSFOMYCIN	FOSFOMYCIN	POINTX	463	463	100.0	99.78	463	WP_000879194.1	hexose phosphate transporter UhpT		
SAMN04014902		NZ_CP020059.1	10827	11639	+	sul2	sulfonamide-resistant dihydropteroate synthase Sul2	core	AMR	AMR	SULFONAMIDE	SULFONAMIDE	EXACTX	271	271	100.0	100.0	271	WP_001043260.1	sulfonamide-resistant dihydropteroate synthase Sul2		
SAMN04014902		NZ_CP020059.1	11703	12503	+	aph(3'')-Ib	aminoglycoside O-phosphotransferase APH(3'')-Ib	core	AMR	AMR	AMINOGLYCOSIDE	STREPTOMYCIN	EXACTX	267	267	100.0	100.0	267	WP_001082319.1	aminoglycoside O-phosphotransferase APH(3'')-Ib		
SAMN04014902		NZ_CP020059.1	12506	13339	+	aph(6)-Id	aminoglycoside O-phosphotransferase APH(6)-Id	core	AMR	AMR	AMINOGLYCOSIDE	STREPTOMYCIN	EXACTX	278	278	100.0	100.0	278	WP_000480968.1	aminoglycoside O-phosphotransferase APH(6)-Id		
SAMN04014902		NZ_CP020059.1	14066	14923	-	blaTEM-1	broad-spectrum class A beta-lactamase TEM-1	core	AMR	AMR	BETA-LACTAM	BETA-LACTAM	ALLELEX	286	286	100.0	100.0	286	WP_000027057.1	broad-spectrum class A beta-lactamase TEM-1		
SAMN04014902		NZ_CP020059.1	15626	16447	-	blaOXA-9	oxacillin-hydrolyzing class D beta-lactamase OXA-9	core	AMR	AMR	BETA-LACTAM	BETA-LACTAM	ALLELEX	274	274	100.0	100.0	274	WP_000722315.1	oxacillin-hydrolyzing class D beta-lactamase OXA-9		
SAMN04014902		NZ_CP020059.1	16510	17295	-	aadA1	ANT(3'')-Ia family aminoglycoside nucleotidyltransferase AadA1	core	AMR	AMR	AMINOGLYCOSIDE	STREPTOMYCIN	EXACTX	262	262	100.0	100.0	262	WP_001206315.1	ANT(3'')-Ia family aminoglycoside nucleotidyltransferase AadA1		
SAMN04014902		NZ_CP020059.1	17368	17919	-	aac(6')-Ib'	aminoglycoside N-acetyltransferase AAC(6')-Ib'	core	AMR	AMR	AMINOGLYCOSIDE	GENTAMICIN	EXACTX	184	184	100.0	100.0	184	WP_014454105.1	aminoglycoside N-acetyltransferase AAC(6')-Ib'		
SAMN04014902		NZ_CP020059.1	46823	47701	+	blaKPC-3	carbapenem-hydrolyzing class A beta-lactamase KPC-3	core	AMR	AMR	BETA-LACTAM	CARBAPENEM	ALLELEX	293	293	100.0	100.0	293	WP_004152396.1	carbapenem-hydrolyzing class A beta-lactamase KPC-3		
SAMN04014902		NZ_CP020059.1	71210	71680	-	dfrA14	trimethoprim-resistant dihydrofolate reductase DfrA14	core	AMR	AMR	TRIMETHOPRIM	TRIMETHOPRIM	EXACTX	157	157	100.0	100.0	157	WP_004201280.1	trimethoprim-resistant dihydrofolate reductase DfrA14		
SAMN04014902		NZ_CP020060.1	3488	4684	+	tet(A)	tetracycline efflux MFS transporter Tet(A)	core	AMR	AMR	TETRACYCLINE	TETRACYCLINE	BLASTX	399	399	100.0	99.75	399	WP_000804064.1	tetracycline efflux MFS transporter Tet(A)		
SAMN04014902		NZ_CP020060.1	34459	35316	+	blaTEM-1	broad-spectrum class A beta-lactamase TEM-1	core	AMR	AMR	BETA-LACTAM	BETA-LACTAM	ALLELEX	286	286	100.0	100.0	286	WP_000027057.1	broad-spectrum class A beta-lactamase TEM-1		
SAMN04014902		NZ_CP020060.1	35580	36368	-	sul3	sulfonamide-resistant dihydropteroate synthase Sul3	core	AMR	AMR	SULFONAMIDE	SULFONAMIDE	EXACTX	263	263	100.0	100.0	263	WP_000034420.1	sulfonamide-resistant dihydropteroate synthase Sul3		
SAMN04014902		NZ_CP020060.1	46860	47696	-	sul1	sulfonamide-resistant dihydropteroate synthase Sul1	core	AMR	AMR	SULFONAMIDE	SULFONAMIDE	EXACTX	279	279	100.0	100.0	279	WP_000259031.1	sulfonamide-resistant dihydropteroate synthase Sul1		
SAMN04014902		NZ_CP020060.1	47693	48037	-	qacEdelta1	quaternary ammonium compound efflux SMR transporter QacE delta 1	core	STRESS	BIOCIDE	QUATERNARY AMMONIUM	QUATERNARY AMMONIUM	ALLELEX	115	115	100.0	100.0	115	WP_000679427.1	quaternary ammonium compound efflux SMR transporter QacE delta 1		
SAMN04014902		NZ_CP020060.1	48204	48992	-	aadA2	ANT(3'')-Ia family aminoglycoside nucleotidyltransferase AadA2	core	AMR	AMR	AMINOGLYCOSIDE	STREPTOMYCIN	EXACTX	263	263	100.0	100.0	263	WP_001206356.1	ANT(3'')-Ia family aminoglycoside nucleotidyltransferase AadA2		
SAMN04014902		NZ_CP020060.1	49403	49897	-	dfrA12	trimethoprim-resistant dihydrofolate reductase DfrA12	core	AMR	AMR	TRIMETHOPRIM	TRIMETHOPRIM	EXACTX	165	165	100.0	100.0	165	WP_001083725.1	trimethoprim-resistant dihydrofolate reductase DfrA12		
SAMN04014910		NZ_CP020056.1	39418	39780	-	ble	bleomycin binding protein Ble-MBL	core	AMR	AMR	BLEOMYCIN	BLEOMYCIN	EXACTX	121	121	100.0	100.0	121	WP_004201167.1	bleomycin binding protein Ble-MBL		
SAMN04014910		NZ_CP020056.1	39787	40596	-	blaNDM-1	subclass B1 metallo-beta-lactamase NDM-1	core	AMR	AMR	BETA-LACTAM	CARBAPENEM	ALLELEX	270	270	100.0	100.0	270	WP_004201164.1	subclass B1 metallo-beta-lactamase NDM-1		
SAMN04014910		NZ_CP020056.1	43863	44699	-	sul1	sulfonamide-resistant dihydropteroate synthase Sul1	core	AMR	AMR	SULFONAMIDE	SULFONAMIDE	EXACTX	279	279	100.0	100.0	279	WP_000259031.1	sulfonamide-resistant dihydropteroate synthase Sul1		
SAMN04014910		NZ_CP020056.1	44696	45040	-	qacEdelta1	quaternary ammonium compound efflux SMR transporter QacE delta 1	core	STRESS	BIOCIDE	QUATERNARY AMMONIUM	QUATERNARY AMMONIUM	ALLELEX	115	115	100.0	100.0	115	WP_000679427.1	quaternary ammonium compound efflux SMR transporter QacE delta 1		
SAMN04014910		NZ_CP020056.1	45212	45763	-	aac(6')-Ib3	aminoglycoside N-acetyltransferase AAC(6')-Ib3	core	AMR	AMR	AMINOGLYCOSIDE	AMIKACIN/KANAMYCIN/TOBRAMYCIN	ALLELEX	184	184	100.0	100.0	184	WP_032488579.1	aminoglycoside N-acetyltransferase AAC(6')-Ib3		
SAMN04014910		NZ_CP020056.1	88834	89976	-	blaCMY-6	extended-spectrum class C beta-lactamase CMY-6	core	AMR	AMR	BETA-LACTAM	CEPHALOSPORIN	ALLELEX	381	381	100.0	100.0	381	WP_015058212.1	extended-spectrum class C beta-lactamase CMY-6		
SAMN04014910		NZ_CP020057.1	7025	8221	-	tet(A)	tetracycline efflux MFS transporter Tet(A)	core	AMR	AMR	TETRACYCLINE	TETRACYCLINE	EXACTX	399	399	100.0	100.0	399	WP_000804064.1	tetracycline efflux MFS transporter Tet(A)		
SAMN04014910		NZ_CP020057.1	10141	10998	-	blaTEM-1	broad-spectrum class A beta-lactamase TEM-1	core	AMR	AMR	BETA-LACTAM	BETA-LACTAM	ALLELEX	286	286	100.0	100.0	286	WP_000027057.1	broad-spectrum class A beta-lactamase TEM-1		
SAMN04014910		NZ_CP020057.1	11880	12698	-	aph(6)-Id	aminoglycoside O-phosphotransferase APH(6)-Id	core	AMR	AMR	AMINOGLYCOSIDE	STREPTOMYCIN	BLASTX	273	278	98.2	99.27	273	WP_000480972.1	aminoglycoside O-phosphotransferase APH(6)-Id		
SAMN04014910		NZ_CP020057.1	12701	13501	-	aph(3'')-Ib	aminoglycoside O-phosphotransferase APH(3'')-Ib	core	AMR	AMR	AMINOGLYCOSIDE	STREPTOMYCIN	EXACTX	267	267	100.0	100.0	267	WP_001082319.1	aminoglycoside O-phosphotransferase APH(3'')-Ib		
SAMN04014910		NZ_CP020057.1	13565	14377	-	sul2	sulfonamide-resistant dihydropteroate synthase Sul2	core	AMR	AMR	SULFONAMIDE	SULFONAMIDE	EXACTX	271	271	100.0	100.0	271	WP_001043260.1	sulfonamide-resistant dihydropteroate synthase Sul2		
SAMN04014910		NZ_CP020057.1	15883	16740	-	blaTEM-1	broad-spectrum class A beta-lactamase TEM-1	core	AMR	AMR	BETA-LACTAM	BETA-LACTAM	ALLELEX	286	286	100.0	100.0	286	WP_000027057.1	broad-spectrum class A beta-lactamase TEM-1		
SAMN04014910		NZ_CP020057.1	17831	18337	+	dfrA8	trimethoprim-resistant dihydrofolate reductase DfrA8	core	AMR	AMR	TRIMETHOPRIM	TRIMETHOPRIM	EXACTX	169	169	100.0	100.0	169	WP_000571065.1	trimethoprim-resistant dihydrofolate reductase DfrA8		
SAMN04014918		NZ_CP026755.1	4066401	4068944	+	cyaA_S352T	Escherichia fosmidomycin resistant CyaA	core	AMR	POINT	FOSMIDOMYCIN	FOSMIDOMYCIN	POINTX	848	848	100.0	99.17	848	WP_000281668.1	adenylate cyclase CyaA		
SAMN04014930		NZ_CP032264.1	6764	7906	-	blaCMY-2	extended-spectrum class C beta-lactamase CMY-2	core	AMR	AMR	BETA-LACTAM	CEPHALOSPORIN	ALLELEX	381	381	100.0	100.0	381	WP_000976514.1	extended-spectrum class C beta-lactamase CMY-2		
SAMN04014930		NZ_CP032265.1	2085726	2087114	+	uhpT_E350Q	Escherichia fosfomycin resistant UhpT	core	AMR	POINT	FOSFOMYCIN	FOSFOMYCIN	POINTX	463	463	100.0	99.78	463	WP_000879194.1	hexose phosphate transporter UhpT		
SAMN04014930		NZ_CP032265.1	2930980	2931792	+	sul2	sulfonamide-resistant dihydropteroate synthase Sul2	core	AMR	AMR	SULFONAMIDE	SULFONAMIDE	EXACTX	271	271	100.0	100.0	271	WP_001043260.1	sulfonamide-resistant dihydropteroate synthase Sul2		
SAMN04014930		NZ_CP032265.1	2939854	2941056	+	tet(B)	tetracycline efflux MFS transporter Tet(B)	core	AMR	AMR	TETRACYCLINE	TETRACYCLINE	EXACTX	401	401	100.0	100.0	401	WP_001089068.1	tetracycline efflux MFS transporter Tet(B)		
SAMN04014930		NZ_CP032265.1	2948512	2949324	-	aph(3')-Ia	aminoglycoside O-phosphotransferase APH(3')-Ia	core	AMR	AMR	AMINOGLYCOSIDE	KANAMYCIN	BLASTX	271	271	100.0	99.63	271	WP_000018329.1	aminoglycoside O-phosphotransferase APH(3')-Ia		
SAMN04014930		NZ_CP032265.1	2949545	2950378	-	aph(6)-Id	aminoglycoside O-phosphotransferase APH(6)-Id	core	AMR	AMR	AMINOGLYCOSIDE	STREPTOMYCIN	EXACTX	278	278	100.0	100.0	278	WP_000480968.1	aminoglycoside O-phosphotransferase APH(6)-Id		
SAMN04014930		NZ_CP032265.1	2950381	2951181	-	aph(3'')-Ib	aminoglycoside O-phosphotransferase APH(3'')-Ib	core	AMR	AMR	AMINOGLYCOSIDE	STREPTOMYCIN	EXACTX	267	267	100.0	100.0	267	WP_001082319.1	aminoglycoside O-phosphotransferase APH(3'')-Ib		
SAMN04014930		NZ_CP032265.1	3592804	3594528	-	ptsI_V25I	Escherichia fosfomycin resistant PtsI	core	AMR	POINT	FOSFOMYCIN	FOSFOMYCIN	POINTX	575	575	100.0	99.65	575	WP_000623140.1	phosphoenolpyruvate--protein phosphotransferase PtsI		
SAMN04014930		NZ_CP032265.1	3869629	3871603	+	cirA_P421TfsTer1	Escherichia cefiderocol resistant CirA	core	AMR	POINT_DISRUPT	BETA-LACTAM	CEFIDEROCOL	POINTX	658	663	100.0	99.7	658	WP_000489247.1	catecholate siderophore receptor CirA		
SAMN04014930		NZ_CP032265.1	4016977	4018119	-	blaCMY-2	extended-spectrum class C beta-lactamase CMY-2	core	AMR	AMR	BETA-LACTAM	CEPHALOSPORIN	ALLELEX	381	381	100.0	100.0	381	WP_000976514.1	extended-spectrum class C beta-lactamase CMY-2		
SAMN04014945		NZ_CP020116.1	402183	404072	+	parE_I529L	Escherichia quinolone resistant ParE	core	AMR	POINT	QUINOLONE	QUINOLONE	POINTX	630	630	100.0	99.52	630	WP_033554192.1	DNA topoisomerase IV subunit B ParE		
SAMN04014945		NZ_CP020116.1	419068	421323	+	parC_E84V	Escherichia quinolone resistant ParC	core	AMR	POINT	QUINOLONE	QUINOLONE	POINTX	752	752	100.0	99.2	752	WP_001281881.1	DNA topoisomerase IV subunit A ParC		
SAMN04014945		NZ_CP020116.1	419068	421323	+	parC_S80I	Escherichia quinolone resistant ParC	core	AMR	POINT	QUINOLONE	QUINOLONE	POINTX	752	752	100.0	99.2	752	WP_001281881.1	DNA topoisomerase IV subunit A ParC		
SAMN04014945		NZ_CP020116.1	1148976	1150700	-	ptsI_V25I	Escherichia fosfomycin resistant PtsI	core	AMR	POINT	FOSFOMYCIN	FOSFOMYCIN	POINTX	575	575	100.0	99.65	575	WP_000623140.1	phosphoenolpyruvate--protein phosphotransferase PtsI		
SAMN04014945		NZ_CP020116.1	1338007	1340631	+	gyrA_D87N	Escherichia quinolone resistant GyrA	core	AMR	POINT	QUINOLONE	QUINOLONE	POINTX	875	878	99.66	98.86	875	WP_001281243.1	DNA gyrase subunit A GyrA		
SAMN04014945		NZ_CP020116.1	1338007	1340631	+	gyrA_S83L	Escherichia quinolone resistant GyrA	core	AMR	POINT	QUINOLONE	QUINOLONE	POINTX	875	878	99.66	98.86	875	WP_001281243.1	DNA gyrase subunit A GyrA		
SAMN04014945		NZ_CP020116.1	4724118	4725506	+	uhpT_E350Q	Escherichia fosfomycin resistant UhpT	core	AMR	POINT	FOSFOMYCIN	FOSFOMYCIN	POINTX	463	463	100.0	99.78	463	WP_000879194.1	hexose phosphate transporter UhpT		
SAMN04014945		NZ_CP020117.1	40992	41849	-	blaTEM-1	broad-spectrum class A beta-lactamase TEM-1	core	AMR	AMR	BETA-LACTAM	BETA-LACTAM	ALLELEX	286	286	100.0	100.0	286	WP_000027057.1	broad-spectrum class A beta-lactamase TEM-1		
SAMN04014945		NZ_CP020117.1	44114	45310	-	tet(A)	tetracycline efflux MFS transporter Tet(A)	core	AMR	AMR	TETRACYCLINE	TETRACYCLINE	EXACTX	399	399	100.0	100.0	399	WP_000804064.1	tetracycline efflux MFS transporter Tet(A)		
SAMN04014945		NZ_CP020117.1	46367	47200	-	aph(6)-Id	aminoglycoside O-phosphotransferase APH(6)-Id	core	AMR	AMR	AMINOGLYCOSIDE	STREPTOMYCIN	EXACTX	278	278	100.0	100.0	278	WP_000480972.1	aminoglycoside O-phosphotransferase APH(6)-Id		
SAMN04014945		NZ_CP020117.1	47203	48003	-	aph(3'')-Ib	aminoglycoside O-phosphotransferase APH(3'')-Ib	core	AMR	AMR	AMINOGLYCOSIDE	STREPTOMYCIN	EXACTX	267	267	100.0	100.0	267	WP_001082319.1	aminoglycoside O-phosphotransferase APH(3'')-Ib		
SAMN04014945		NZ_CP020117.1	48067	48879	-	sul2	sulfonamide-resistant dihydropteroate synthase Sul2	core	AMR	AMR	SULFONAMIDE	SULFONAMIDE	EXACTX	271	271	100.0	100.0	271	WP_001043260.1	sulfonamide-resistant dihydropteroate synthase Sul2		
SAMN04014945		NZ_CP020117.1	50250	51152	+	mph(A)	Mph(A) family macrolide 2'-phosphotransferase	core	AMR	AMR	MACROLIDE	AZITHROMYCIN/ERYTHROMYCIN/SPIRAMYCIN/TELITHROMYCIN	EXACTX	301	301	100.0	100.0	301	WP_000219391.1	Mph(A) family macrolide 2'-phosphotransferase		
SAMN04014945		NZ_CP020117.1	51152	52387	+	mrx(A)	phosphorylated macrolide efflux MFS transporter Mrx(A)	core	AMR	AMR	MACROLIDE	AZITHROMYCIN/ERYTHROMYCIN/SPIRAMYCIN/TELITHROMYCIN	EXACTX	412	412	100.0	100.0	412	WP_000004159.1	phosphorylated macrolide efflux MFS transporter Mrx(A)		
SAMN04014945		NZ_CP020117.1	56469	57305	-	sul1	sulfonamide-resistant dihydropteroate synthase Sul1	core	AMR	AMR	SULFONAMIDE	SULFONAMIDE	EXACTX	279	279	100.0	100.0	279	WP_000259031.1	sulfonamide-resistant dihydropteroate synthase Sul1		
SAMN04014945		NZ_CP020117.1	57302	57646	-	qacEdelta1	quaternary ammonium compound efflux SMR transporter QacE delta 1	core	STRESS	BIOCIDE	QUATERNARY AMMONIUM	QUATERNARY AMMONIUM	ALLELEX	115	115	100.0	100.0	115	WP_000679427.1	quaternary ammonium compound efflux SMR transporter QacE delta 1		
SAMN04014945		NZ_CP020117.1	57855	58640	-	aadA5	ANT(3'')-Ia family aminoglycoside nucleotidyltransferase AadA5	core	AMR	AMR	AMINOGLYCOSIDE	STREPTOMYCIN	EXACTX	262	262	100.0	100.0	262	WP_000503573.1	ANT(3'')-Ia family aminoglycoside nucleotidyltransferase AadA5		
SAMN04014945		NZ_CP020117.1	58774	59244	-	dfrA17	trimethoprim-resistant dihydrofolate reductase DfrA17	core	AMR	AMR	TRIMETHOPRIM	TRIMETHOPRIM	EXACTX	157	157	100.0	100.0	157	WP_001389366.1	trimethoprim-resistant dihydrofolate reductase DfrA17		
SAMN04014945		NZ_CP020119.1	10331	11209	+	blaKPC-4	carbapenem-hydrolyzing class A beta-lactamase KPC-4	core	AMR	AMR	BETA-LACTAM	CARBAPENEM	ALLELEX	293	293	100.0	100.0	293	WP_015062847.1	carbapenem-hydrolyzing class A beta-lactamase KPC-4		
SAMN04014945		NZ_CP020119.1	16930	17787	+	blaTEM-1	broad-spectrum class A beta-lactamase TEM-1	core	AMR	AMR	BETA-LACTAM	BETA-LACTAM	ALLELEX	286	286	100.0	100.0	286	WP_000027057.1	broad-spectrum class A beta-lactamase TEM-1		
SAMN04014945		NZ_CP020119.1	18276	19088	-	aph(3')-Ia	aminoglycoside O-phosphotransferase APH(3')-Ia	core	AMR	AMR	AMINOGLYCOSIDE	KANAMYCIN	EXACTX	271	271	100.0	100.0	271	WP_000018330.1	aminoglycoside O-phosphotransferase APH(3')-Ia		
SAMN04014945		NZ_CP020119.1	43350	43820	+	dfrA14	trimethoprim-resistant dihydrofolate reductase DfrA14	core	AMR	AMR	TRIMETHOPRIM	TRIMETHOPRIM	EXACTX	157	157	100.0	100.0	157	WP_004201280.1	trimethoprim-resistant dihydrofolate reductase DfrA14		
SAMN04014959		NZ_CP020048.1	765631	766708	+	ompF_D34RfsTer1	Escherichia carbapenem resistant OmpF	core	AMR	POINT_DISRUPT	BETA-LACTAM	CARBAPENEM	POINTX	359	362	100.0	99.44	359	WP_000977920.1	outer membrane protein F OmpF		
SAMN04014959		NZ_CP020048.1	861995	862714	-	nfsA_Q195Ter	Escherichia nitrofurantoin resistant NfsA	core	AMR	POINT_DISRUPT	NITROFURAN	NITROFURANTOIN	POINTX	240	240	100.0	99.17	240	WP_089631889.1	nitroreductase NfsA		
SAMN04014959		NZ_CP020048.1	1146219	1146868	+	nfsB_F167LfsTer11	Escherichia nitrofurantoin resistant NfsB	core	AMR	POINT_DISRUPT	NITROFURAN	NITROFURANTOIN	POINTX	216	217	100.0	98.61	216	WP_000351450.1	oxygen-insensitive NAD(P)H nitroreductase NfsB		
SAMN04014959		NZ_CP020048.1	1244227	1244871	-	acrR_T5N	Escherichia ampicillin/chloramphenicol/fluoroquinolone/rifampin/tetracycline resistant AcrR	core	AMR	POINT	MULTIDRUG	AMPICILLIN/CHLORAMPHENICOL/FLUOROQUINOLONE/RIFAMPIN/TETRACYCLINE	POINTX	215	215	100.0	99.07	215	WP_000101737.1	transcriptional regulator AcrR		
SAMN04014959		NZ_CP020048.1	1697213	1698988	-	ftsI_N337NYRIN	Escherichia aztreonam/cefiderocol/cephalosporin resistant FtsI	core	AMR	POINT	BETA-LACTAM	AZTREONAM/CEFIDEROCOL/CEPHALOSPORIN	POINTX	592	592	100.0	99.83	592	WP_000642196.1	penicillin-binding protein PBP3 FtsI		
SAMN04014959		NZ_CP020048.1	1862101	1862757	+	catA1	type A-1 chloramphenicol O-acetyltransferase	core	AMR	AMR	PHENICOL	CHLORAMPHENICOL	EXACTX	219	219	100.0	100.0	219	WP_000412211.1	type A-1 chloramphenicol O-acetyltransferase		
SAMN04014959		NZ_CP020048.1	1870643	1871113	+	dfrA29	trimethoprim-resistant dihydrofolate reductase DfrA29	core	AMR	AMR	TRIMETHOPRIM	TRIMETHOPRIM	EXACTX	157	157	100.0	100.0	157	WP_045899678.1	trimethoprim-resistant dihydrofolate reductase DfrA29		
SAMN04014959		NZ_CP020048.1	1871776	1872600	+	blaOXA-2	oxacillin-hydrolyzing class D beta-lactamase OXA-2	core	AMR	AMR	BETA-LACTAM	BETA-LACTAM	ALLELEX	275	275	100.0	100.0	275	WP_001007673.1	oxacillin-hydrolyzing class D beta-lactamase OXA-2		
SAMN04014959		NZ_CP020048.1	1872739	1873083	+	qacEdelta1	quaternary ammonium compound efflux SMR transporter QacE delta 1	core	STRESS	BIOCIDE	QUATERNARY AMMONIUM	QUATERNARY AMMONIUM	ALLELEX	115	115	100.0	100.0	115	WP_000679427.1	quaternary ammonium compound efflux SMR transporter QacE delta 1		
SAMN04014959		NZ_CP020048.1	1873080	1873916	+	sul1	sulfonamide-resistant dihydropteroate synthase Sul1	core	AMR	AMR	SULFONAMIDE	SULFONAMIDE	EXACTX	279	279	100.0	100.0	279	WP_000259031.1	sulfonamide-resistant dihydropteroate synthase Sul1		
SAMN04014959		NZ_CP020048.1	1876023	1876856	-	aph(6)-Id	aminoglycoside O-phosphotransferase APH(6)-Id	core	AMR	AMR	AMINOGLYCOSIDE	STREPTOMYCIN	EXACTX	278	278	100.0	100.0	278	WP_000480968.1	aminoglycoside O-phosphotransferase APH(6)-Id		
SAMN04014959		NZ_CP020048.1	1876859	1877659	-	aph(3'')-Ib	aminoglycoside O-phosphotransferase APH(3'')-Ib	core	AMR	AMR	AMINOGLYCOSIDE	STREPTOMYCIN	EXACTX	267	267	100.0	100.0	267	WP_001082319.1	aminoglycoside O-phosphotransferase APH(3'')-Ib		
SAMN04014959		NZ_CP020048.1	1882464	1883321	-	aac(3)-IIe	aminoglycoside N-acetyltransferase AAC(3)-IIe	core	AMR	AMR	AMINOGLYCOSIDE	GENTAMICIN	EXACTX	286	286	100.0	100.0	286	WP_000557452.1	aminoglycoside N-acetyltransferase AAC(3)-IIe		
SAMN04014959		NZ_CP020048.1	1883781	1884638	-	blaTEM-1	broad-spectrum class A beta-lactamase TEM-1	core	AMR	AMR	BETA-LACTAM	BETA-LACTAM	ALLELEX	286	286	100.0	100.0	286	WP_000027057.1	broad-spectrum class A beta-lactamase TEM-1		
SAMN04014959		NZ_CP020048.1	2054124	2054368	+	ampC_C-42T	Escherichia cephalosporin resistant ampC promoter	core	AMR	POINT	BETA-LACTAM	CEPHALOSPORIN	POINTN	245	245	100.0	97.55	245	NZ_CP041538.1:1149245-1149489	ampC/blaEC promoter region		
SAMN04014959		NZ_CP020048.1	3370295	3372184	+	parE_E460D	Escherichia quinolone resistant ParE	core	AMR	POINT	QUINOLONE	QUINOLONE	POINTX	630	630	100.0	99.68	630	WP_033554192.1	DNA topoisomerase IV subunit B ParE		
SAMN04014959		NZ_CP020048.1	3377488	3379743	+	parC_S80I	Escherichia quinolone resistant ParC	core	AMR	POINT	QUINOLONE	QUINOLONE	POINTX	752	752	100.0	99.87	752	WP_001281881.1	DNA topoisomerase IV subunit A ParC		
SAMN04014959		NZ_CP020048.1	4267096	4269720	+	gyrA_D87N	Escherichia quinolone resistant GyrA	core	AMR	POINT	QUINOLONE	QUINOLONE	POINTX	875	878	99.66	98.86	875	WP_001281243.1	DNA gyrase subunit A GyrA		
SAMN04014959		NZ_CP020048.1	4267096	4269720	+	gyrA_S83L	Escherichia quinolone resistant GyrA	core	AMR	POINT	QUINOLONE	QUINOLONE	POINTX	875	878	99.66	98.86	875	WP_001281243.1	DNA gyrase subunit A GyrA		
SAMN04014959		NZ_CP020049.1	44033	44395	-	ble	bleomycin binding protein Ble-MBL	core	AMR	AMR	BLEOMYCIN	BLEOMYCIN	EXACTX	121	121	100.0	100.0	121	WP_004201167.1	bleomycin binding protein Ble-MBL		
SAMN04014959		NZ_CP020049.1	44402	45211	-	blaNDM-1	subclass B1 metallo-beta-lactamase NDM-1	core	AMR	AMR	BETA-LACTAM	CARBAPENEM	ALLELEX	270	270	100.0	100.0	270	WP_004201164.1	subclass B1 metallo-beta-lactamase NDM-1		
SAMN04014959		NZ_CP020049.1	69162	70004	+	rmtC	RmtC family 16S rRNA (guanine(1405)-N(7))-methyltransferase	core	AMR	AMR	AMINOGLYCOSIDE	AMINOGLYCOSIDE	EXACTX	281	281	100.0	100.0	281	WP_000855769.1	RmtC family 16S rRNA (guanine(1405)-N(7))-methyltransferase		
SAMN04014959		NZ_CP020049.1	73024	73860	-	sul1	sulfonamide-resistant dihydropteroate synthase Sul1	core	AMR	AMR	SULFONAMIDE	SULFONAMIDE	EXACTX	279	279	100.0	100.0	279	WP_000259031.1	sulfonamide-resistant dihydropteroate synthase Sul1		
SAMN04014959		NZ_CP020049.1	73857	74201	-	qacEdelta1	quaternary ammonium compound efflux SMR transporter QacE delta 1	core	STRESS	BIOCIDE	QUATERNARY AMMONIUM	QUATERNARY AMMONIUM	ALLELEX	115	115	100.0	100.0	115	WP_000679427.1	quaternary ammonium compound efflux SMR transporter QacE delta 1		
SAMN04014959		NZ_CP020049.1	74373	74924	-	aac(6')-Ib3	aminoglycoside N-acetyltransferase AAC(6')-Ib3	core	AMR	AMR	AMINOGLYCOSIDE	AMIKACIN/KANAMYCIN/TOBRAMYCIN	ALLELEX	184	184	100.0	100.0	184	WP_032488579.1	aminoglycoside N-acetyltransferase AAC(6')-Ib3		
SAMN04014959		NZ_CP020049.1	107828	108970	-	blaCMY-6	extended-spectrum class C beta-lactamase CMY-6	core	AMR	AMR	BETA-LACTAM	CEPHALOSPORIN	ALLELEX	381	381	100.0	100.0	381	WP_015058212.1	extended-spectrum class C beta-lactamase CMY-6		
SAMN04014960		NZ_CP021535.1	1188300	1190189	+	parE_E460D	Escherichia quinolone resistant ParE	core	AMR	POINT	QUINOLONE	QUINOLONE	POINTX	630	630	100.0	99.68	630	WP_033554192.1	DNA topoisomerase IV subunit B ParE		
SAMN04014960		NZ_CP021535.1	1195493	1197748	+	parC_S80I	Escherichia quinolone resistant ParC	core	AMR	POINT	QUINOLONE	QUINOLONE	POINTX	752	752	100.0	99.87	752	WP_001281881.1	DNA topoisomerase IV subunit A ParC		
SAMN04014960		NZ_CP021535.1	1688662	1689534	+	blaCTX-M-15	extended-spectrum class A beta-lactamase CTX-M-15	core	AMR	AMR	BETA-LACTAM	CEPHALOSPORIN	ALLELEX	291	291	100.0	100.0	291	WP_000239590.1	extended-spectrum class A beta-lactamase CTX-M-15		
SAMN04014960		NZ_CP021535.1	2085325	2087949	+	gyrA_D87N	Escherichia quinolone resistant GyrA	core	AMR	POINT	QUINOLONE	QUINOLONE	POINTX	875	878	99.66	98.86	875	WP_001281243.1	DNA gyrase subunit A GyrA		
SAMN04014960		NZ_CP021535.1	2085325	2087949	+	gyrA_S83L	Escherichia quinolone resistant GyrA	core	AMR	POINT	QUINOLONE	QUINOLONE	POINTX	875	878	99.66	98.86	875	WP_001281243.1	DNA gyrase subunit A GyrA		
SAMN04014960		NZ_CP021535.1	3608886	3609963	+	ompF_D34RfsTer1	Escherichia carbapenem resistant OmpF	core	AMR	POINT_DISRUPT	BETA-LACTAM	CARBAPENEM	POINTX	359	362	100.0	99.16	359	WP_000977920.1	outer membrane protein F OmpF		
SAMN04014960		NZ_CP021535.1	3705250	3705969	-	nfsA_Q195Ter	Escherichia nitrofurantoin resistant NfsA	core	AMR	POINT_DISRUPT	NITROFURAN	NITROFURANTOIN	POINTX	240	240	100.0	99.17	240	WP_089631889.1	nitroreductase NfsA		
SAMN04014960		NZ_CP021535.1	3990250	3990899	+	nfsB_F167LfsTer11	Escherichia nitrofurantoin resistant NfsB	core	AMR	POINT_DISRUPT	NITROFURAN	NITROFURANTOIN	POINTX	216	217	100.0	98.61	216	WP_000351450.1	oxygen-insensitive NAD(P)H nitroreductase NfsB		
SAMN04014960		NZ_CP021535.1	4088257	4088901	-	acrR_T5N	Escherichia ampicillin/chloramphenicol/fluoroquinolone/rifampin/tetracycline resistant AcrR	core	AMR	POINT	MULTIDRUG	AMPICILLIN/CHLORAMPHENICOL/FLUOROQUINOLONE/RIFAMPIN/TETRACYCLINE	POINTX	215	215	100.0	99.07	215	WP_000101737.1	transcriptional regulator AcrR		
SAMN04014960		NZ_CP021535.1	4541846	4543621	-	ftsI_N337NYRIN	Escherichia aztreonam/cefiderocol/cephalosporin resistant FtsI	core	AMR	POINT	BETA-LACTAM	AZTREONAM/CEFIDEROCOL/CEPHALOSPORIN	POINTX	592	592	100.0	99.83	592	WP_000642196.1	penicillin-binding protein PBP3 FtsI		
SAMN04014960		NZ_CP021535.1	4710041	4710697	+	catA1	type A-1 chloramphenicol O-acetyltransferase	core	AMR	AMR	PHENICOL	CHLORAMPHENICOL	EXACTX	219	219	100.0	100.0	219	WP_000412211.1	type A-1 chloramphenicol O-acetyltransferase		
SAMN04014960		NZ_CP021535.1	4718583	4719053	+	dfrA29	trimethoprim-resistant dihydrofolate reductase DfrA29	core	AMR	AMR	TRIMETHOPRIM	TRIMETHOPRIM	EXACTX	157	157	100.0	100.0	157	WP_045899678.1	trimethoprim-resistant dihydrofolate reductase DfrA29		
SAMN04014960		NZ_CP021535.1	4719716	4720540	+	blaOXA-2	oxacillin-hydrolyzing class D beta-lactamase OXA-2	core	AMR	AMR	BETA-LACTAM	BETA-LACTAM	ALLELEX	275	275	100.0	100.0	275	WP_001007673.1	oxacillin-hydrolyzing class D beta-lactamase OXA-2		
SAMN04014960		NZ_CP021535.1	4720679	4721023	+	qacEdelta1	quaternary ammonium compound efflux SMR transporter QacE delta 1	core	STRESS	BIOCIDE	QUATERNARY AMMONIUM	QUATERNARY AMMONIUM	ALLELEX	115	115	100.0	100.0	115	WP_000679427.1	quaternary ammonium compound efflux SMR transporter QacE delta 1		
SAMN04014960		NZ_CP021535.1	4721020	4721856	+	sul1	sulfonamide-resistant dihydropteroate synthase Sul1	core	AMR	AMR	SULFONAMIDE	SULFONAMIDE	EXACTX	279	279	100.0	100.0	279	WP_000259031.1	sulfonamide-resistant dihydropteroate synthase Sul1		
SAMN04014960		NZ_CP021535.1	4723963	4724796	-	aph(6)-Id	aminoglycoside O-phosphotransferase APH(6)-Id	core	AMR	AMR	AMINOGLYCOSIDE	STREPTOMYCIN	EXACTX	278	278	100.0	100.0	278	WP_000480968.1	aminoglycoside O-phosphotransferase APH(6)-Id		
SAMN04014960		NZ_CP021535.1	4724799	4725599	-	aph(3'')-Ib	aminoglycoside O-phosphotransferase APH(3'')-Ib	core	AMR	AMR	AMINOGLYCOSIDE	STREPTOMYCIN	EXACTX	267	267	100.0	100.0	267	WP_001082319.1	aminoglycoside O-phosphotransferase APH(3'')-Ib		
SAMN04014960		NZ_CP021535.1	4730404	4731261	-	aac(3)-IIe	aminoglycoside N-acetyltransferase AAC(3)-IIe	core	AMR	AMR	AMINOGLYCOSIDE	GENTAMICIN	EXACTX	286	286	100.0	100.0	286	WP_000557452.1	aminoglycoside N-acetyltransferase AAC(3)-IIe		
SAMN04014960		NZ_CP021535.1	4731721	4732578	-	blaTEM-1	broad-spectrum class A beta-lactamase TEM-1	core	AMR	AMR	BETA-LACTAM	BETA-LACTAM	ALLELEX	286	286	100.0	100.0	286	WP_000027057.1	broad-spectrum class A beta-lactamase TEM-1		
SAMN04014960		NZ_CP021535.1	4902065	4902309	+	ampC_C-42T	Escherichia cephalosporin resistant ampC promoter	core	AMR	POINT	BETA-LACTAM	CEPHALOSPORIN	POINTN	245	245	100.0	97.55	245	NZ_CP041538.1:1149245-1149489	ampC/blaEC promoter region		
SAMN04014960		NZ_CP021536.1	20965	21516	+	aac(6')-Ib3	aminoglycoside N-acetyltransferase AAC(6')-Ib3	core	AMR	AMR	AMINOGLYCOSIDE	AMIKACIN/KANAMYCIN/TOBRAMYCIN	ALLELEX	184	184	100.0	100.0	184	WP_032488579.1	aminoglycoside N-acetyltransferase AAC(6')-Ib3		
SAMN04014960		NZ_CP021536.1	21688	22032	+	qacEdelta1	quaternary ammonium compound efflux SMR transporter QacE delta 1	core	STRESS	BIOCIDE	QUATERNARY AMMONIUM	QUATERNARY AMMONIUM	ALLELEX	115	115	100.0	100.0	115	WP_000679427.1	quaternary ammonium compound efflux SMR transporter QacE delta 1		
SAMN04014960		NZ_CP021536.1	22029	22865	+	sul1	sulfonamide-resistant dihydropteroate synthase Sul1	core	AMR	AMR	SULFONAMIDE	SULFONAMIDE	EXACTX	279	279	100.0	100.0	279	WP_000259031.1	sulfonamide-resistant dihydropteroate synthase Sul1		
SAMN04014960		NZ_CP021536.1	25859	26668	+	blaNDM-1	subclass B1 metallo-beta-lactamase NDM-1	core	AMR	AMR	BETA-LACTAM	CARBAPENEM	ALLELEX	270	270	100.0	100.0	270	WP_004201164.1	subclass B1 metallo-beta-lactamase NDM-1		
SAMN04014960		NZ_CP021536.1	26675	27037	+	ble	bleomycin binding protein Ble-MBL	core	AMR	AMR	BLEOMYCIN	BLEOMYCIN	EXACTX	121	121	100.0	100.0	121	WP_004201167.1	bleomycin binding protein Ble-MBL		
SAMN04014960		NZ_CP021536.1	32550	32753	+	qacE	quaternary ammonium compound efflux SMR transporter QacE	core	STRESS	BIOCIDE	QUATERNARY AMMONIUM	QUATERNARY AMMONIUM	PARTIALX	68	115	59.13	98.53	68	WP_000679427.1	quaternary ammonium compound efflux SMR transporter QacE delta 1		
SAMN04014960		NZ_CP021536.1	32750	33586	+	sul1	sulfonamide-resistant dihydropteroate synthase Sul1	core	AMR	AMR	SULFONAMIDE	SULFONAMIDE	EXACTX	279	279	100.0	100.0	279	WP_000259031.1	sulfonamide-resistant dihydropteroate synthase Sul1		
SAMN04014960		NZ_CP021536.1	36606	37448	-	rmtC	RmtC family 16S rRNA (guanine(1405)-N(7))-methyltransferase	core	AMR	AMR	AMINOGLYCOSIDE	AMINOGLYCOSIDE	EXACTX	281	281	100.0	100.0	281	WP_000855769.1	RmtC family 16S rRNA (guanine(1405)-N(7))-methyltransferase		
SAMN04014960		NZ_CP021536.1	124888	125760	+	blaCTX-M-15	extended-spectrum class A beta-lactamase CTX-M-15	core	AMR	AMR	BETA-LACTAM	CEPHALOSPORIN	ALLELEX	291	291	100.0	100.0	291	WP_000239590.1	extended-spectrum class A beta-lactamase CTX-M-15		
SAMN04014960		NZ_CP021536.1	130920	131777	-	aac(3)-IIe	aminoglycoside N-acetyltransferase AAC(3)-IIe	core	AMR	AMR	AMINOGLYCOSIDE	GENTAMICIN	EXACTX	286	286	100.0	100.0	286	WP_000557452.1	aminoglycoside N-acetyltransferase AAC(3)-IIe		
SAMN04014960		NZ_CP021536.1	231104	231961	-	blaTEM-1	broad-spectrum class A beta-lactamase TEM-1	core	AMR	AMR	BETA-LACTAM	BETA-LACTAM	ALLELEX	286	286	100.0	100.0	286	WP_000027057.1	broad-spectrum class A beta-lactamase TEM-1		
SAMN04014960		NZ_CP021536.1	234851	235993	+	blaCMY-6	extended-spectrum class C beta-lactamase CMY-6	core	AMR	AMR	BETA-LACTAM	CEPHALOSPORIN	ALLELEX	381	381	100.0	100.0	381	WP_015058212.1	extended-spectrum class C beta-lactamase CMY-6		
SAMN04014960		NZ_CP021538.1	34357	35229	-	blaCTX-M-15	extended-spectrum class A beta-lactamase CTX-M-15	core	AMR	AMR	BETA-LACTAM	CEPHALOSPORIN	ALLELEX	291	291	100.0	100.0	291	WP_000239590.1	extended-spectrum class A beta-lactamase CTX-M-15		
SAMN04014960		NZ_CP021538.1	36452	36892	-	catB3	type B-3 chloramphenicol O-acetyltransferase CatB3	core	AMR	AMR	PHENICOL	CHLORAMPHENICOL	PARTIALX	147	210	70.0	100.0	147	WP_000186237.1	type B-3 chloramphenicol O-acetyltransferase CatB3		
SAMN04014960		NZ_CP021538.1	37033	37860	-	blaOXA-1	oxacillin-hydrolyzing class D beta-lactamase OXA-1	core	AMR	AMR	BETA-LACTAM	CEPHALOSPORIN	ALLELEX	276	276	100.0	100.0	276	WP_001334766.1	oxacillin-hydrolyzing class D beta-lactamase OXA-1		
SAMN04014960		NZ_CP021538.1	37994	38545	-	aac(6')-Ib-cr5	fluoroquinolone-acetylating aminoglycoside 6'-N-acetyltransferase AAC(6')-Ib-cr5	core	AMR	AMR	AMINOGLYCOSIDE/QUINOLONE	AMIKACIN/KANAMYCIN/QUINOLONE/TOBRAMYCIN	ALLELEX	184	184	100.0	100.0	184	WP_063840321.1	fluoroquinolone-acetylating aminoglycoside 6'-N-acetyltransferase AAC(6')-Ib-cr5		
SAMN04014960		NZ_CP021538.1	39710	40261	+	aac(6')-Ib	AAC(6')-Ib family aminoglycoside 6'-N-acetyltransferase	core	AMR	AMR	AMINOGLYCOSIDE	AMIKACIN/KANAMYCIN/TOBRAMYCIN	EXACTX	184	184	100.0	100.0	184	WP_063840280.1	AAC(6')-Ib family aminoglycoside 6'-N-acetyltransferase		
SAMN04014960		NZ_CP021538.1	40334	41119	+	aadA1	ANT(3'')-Ia family aminoglycoside nucleotidyltransferase AadA1	core	AMR	AMR	AMINOGLYCOSIDE	STREPTOMYCIN	EXACTX	262	262	100.0	100.0	262	WP_001206315.1	ANT(3'')-Ia family aminoglycoside nucleotidyltransferase AadA1		
SAMN04014960		NZ_CP021538.1	41182	42003	+	blaOXA-9	oxacillin-hydrolyzing class D beta-lactamase OXA-9	core	AMR	AMR	BETA-LACTAM	BETA-LACTAM	ALLELEX	274	274	100.0	100.0	274	WP_000722315.1	oxacillin-hydrolyzing class D beta-lactamase OXA-9		
SAMN04014990		NZ_CP021532.1	1155901	1157676	+	ftsI_N337NYRIN	Escherichia aztreonam/cefiderocol/cephalosporin resistant FtsI	core	AMR	POINT	BETA-LACTAM	AZTREONAM/CEFIDEROCOL/CEPHALOSPORIN	POINTX	592	592	100.0	99.49	592	WP_000642196.1	penicillin-binding protein PBP3 FtsI		
SAMN04014990		NZ_CP021532.1	1609779	1610422	+	acrR_V29YfsTer44	Escherichia ampicillin/chloramphenicol/fluoroquinolone/rifampin/tetracycline resistant AcrR	core	AMR	POINT_DISRUPT	MULTIDRUG	AMPICILLIN/CHLORAMPHENICOL/FLUOROQUINOLONE/RIFAMPIN/TETRACYCLINE	POINTX	214	215	100.0	100.0	214	WP_000101737.1	transcriptional regulator AcrR		
SAMN04014990		NZ_CP021532.1	3392792	3393106	-	cirA_S90YfsTer15	Escherichia cefiderocol resistant CirA	core	AMR	POINT	BETA-LACTAM	CEFIDEROCOL	POINTX	105	105	100.0	100.0	105	WP_000489247.1	catecholate siderophore receptor CirA		
SAMN04014990		NZ_CP021532.1	3481015	3483639	-	gyrA_D87N	Escherichia quinolone resistant GyrA	core	AMR	POINT	QUINOLONE	QUINOLONE	POINTX	875	878	99.66	98.97	875	WP_001281243.1	DNA gyrase subunit A GyrA		
SAMN04014990		NZ_CP021532.1	3481015	3483639	-	gyrA_S83L	Escherichia quinolone resistant GyrA	core	AMR	POINT	QUINOLONE	QUINOLONE	POINTX	875	878	99.66	98.97	875	WP_001281243.1	DNA gyrase subunit A GyrA		
SAMN04014990		NZ_CP021532.1	4371010	4373265	-	parC_S80I	Escherichia quinolone resistant ParC	core	AMR	POINT	QUINOLONE	QUINOLONE	POINTX	752	752	100.0	99.73	752	WP_001281881.1	DNA topoisomerase IV subunit A ParC		
SAMN04014990		NZ_CP021532.1	4380799	4382688	-	parE_S458A	Escherichia quinolone resistant ParE	core	AMR	POINT	QUINOLONE	QUINOLONE	POINTX	630	630	100.0	99.68	630	WP_033554192.1	DNA topoisomerase IV subunit B ParE		
SAMN04014990		NZ_CP021533.1	40072	41214	+	blaCMY-42	extended-spectrum class C beta-lactamase CMY-42	core	AMR	AMR	BETA-LACTAM	CEPHALOSPORIN	ALLELEX	381	381	100.0	100.0	381	WP_039023136.1	extended-spectrum class C beta-lactamase CMY-42		
SAMN04014990		NZ_CP021534.1	36929	37291	-	ble	bleomycin binding protein Ble-MBL	core	AMR	AMR	BLEOMYCIN	BLEOMYCIN	EXACTX	121	121	100.0	100.0	121	WP_004201167.1	bleomycin binding protein Ble-MBL		
SAMN04014990		NZ_CP021534.1	37298	38107	-	blaNDM-7	subclass B1 metallo-beta-lactamase NDM-7	core	AMR	AMR	BETA-LACTAM	CARBAPENEM	ALLELEX	270	270	100.0	100.0	270	WP_032495622.1	subclass B1 metallo-beta-lactamase NDM-7		
SAMN04015003		NZ_CP021681.1	1	579	+	blaTEM	TEM family class A beta-lactamase	core	AMR	AMR	BETA-LACTAM	BETA-LACTAM	PARTIAL_CONTIG_ENDX	193	286	67.48	100.0	193	WP_000027057.1	broad-spectrum class A beta-lactamase TEM-1		
SAMN04015003		NZ_CP021681.1	1306	2139	-	aph(6)-Id	aminoglycoside O-phosphotransferase APH(6)-Id	core	AMR	AMR	AMINOGLYCOSIDE	STREPTOMYCIN	EXACTX	278	278	100.0	100.0	278	WP_000480968.1	aminoglycoside O-phosphotransferase APH(6)-Id		
SAMN04015003		NZ_CP021681.1	2142	2942	-	aph(3'')-Ib	aminoglycoside O-phosphotransferase APH(3'')-Ib	core	AMR	AMR	AMINOGLYCOSIDE	STREPTOMYCIN	EXACTX	267	267	100.0	100.0	267	WP_001082319.1	aminoglycoside O-phosphotransferase APH(3'')-Ib		
SAMN04015003		NZ_CP021681.1	3006	3818	-	sul2	sulfonamide-resistant dihydropteroate synthase Sul2	core	AMR	AMR	SULFONAMIDE	SULFONAMIDE	BLASTX	271	271	100.0	99.63	271	WP_001043260.1	sulfonamide-resistant dihydropteroate synthase Sul2		
SAMN04015003		NZ_CP021681.1	10078	11274	+	tet(A)	tetracycline efflux MFS transporter Tet(A)	core	AMR	AMR	TETRACYCLINE	TETRACYCLINE	EXACTX	399	399	100.0	100.0	399	WP_000804064.1	tetracycline efflux MFS transporter Tet(A)		
SAMN04015003		NZ_CP021681.1	86581	87234	-	qnrS1	quinolone resistance pentapeptide repeat protein QnrS1	core	AMR	AMR	QUINOLONE	QUINOLONE	ALLELEX	218	218	100.0	100.0	218	WP_001516695.1	quinolone resistance pentapeptide repeat protein QnrS1		
SAMN04015003		NZ_CP021681.1	91878	92750	-	blaCTX-M-15	extended-spectrum class A beta-lactamase CTX-M-15	core	AMR	AMR	BETA-LACTAM	CEPHALOSPORIN	ALLELEX	291	291	100.0	100.0	291	WP_000239590.1	extended-spectrum class A beta-lactamase CTX-M-15		
SAMN04015003		NZ_CP021682.1	30050	30412	-	ble	bleomycin binding protein Ble-MBL	core	AMR	AMR	BLEOMYCIN	BLEOMYCIN	EXACTX	121	121	100.0	100.0	121	WP_004201167.1	bleomycin binding protein Ble-MBL		
SAMN04015003		NZ_CP021682.1	30419	31228	-	blaNDM-7	subclass B1 metallo-beta-lactamase NDM-7	core	AMR	AMR	BETA-LACTAM	CARBAPENEM	ALLELEX	270	270	100.0	100.0	270	WP_032495622.1	subclass B1 metallo-beta-lactamase NDM-7		
SAMN04015003		NZ_CP021683.1	386190	388079	+	parE_S458A	Escherichia quinolone resistant ParE	core	AMR	POINT	QUINOLONE	QUINOLONE	POINTX	630	630	100.0	99.68	630	WP_033554192.1	DNA topoisomerase IV subunit B ParE		
SAMN04015003		NZ_CP021683.1	395613	397868	+	parC_S80I	Escherichia quinolone resistant ParC	core	AMR	POINT	QUINOLONE	QUINOLONE	POINTX	752	752	100.0	99.73	752	WP_001281881.1	DNA topoisomerase IV subunit A ParC		
SAMN04015003		NZ_CP021683.1	1285276	1287900	+	gyrA_D87N	Escherichia quinolone resistant GyrA	core	AMR	POINT	QUINOLONE	QUINOLONE	POINTX	875	878	99.66	98.97	875	WP_001281243.1	DNA gyrase subunit A GyrA		
SAMN04015003		NZ_CP021683.1	1285276	1287900	+	gyrA_S83L	Escherichia quinolone resistant GyrA	core	AMR	POINT	QUINOLONE	QUINOLONE	POINTX	875	878	99.66	98.97	875	WP_001281243.1	DNA gyrase subunit A GyrA		
SAMN04015003		NZ_CP021683.1	1375809	1376123	+	cirA_S90YfsTer15	Escherichia cefiderocol resistant CirA	core	AMR	POINT	BETA-LACTAM	CEFIDEROCOL	POINTX	105	105	100.0	100.0	105	WP_000489247.1	catecholate siderophore receptor CirA		
SAMN04015003		NZ_CP021683.1	3125893	3126536	-	acrR_V29YfsTer44	Escherichia ampicillin/chloramphenicol/fluoroquinolone/rifampin/tetracycline resistant AcrR	core	AMR	POINT_DISRUPT	MULTIDRUG	AMPICILLIN/CHLORAMPHENICOL/FLUOROQUINOLONE/RIFAMPIN/TETRACYCLINE	POINTX	214	215	100.0	100.0	214	WP_000101737.1	transcriptional regulator AcrR		
SAMN04015003		NZ_CP021683.1	3609503	3611278	-	ftsI_N337NYRIN	Escherichia aztreonam/cefiderocol/cephalosporin resistant FtsI	core	AMR	POINT	BETA-LACTAM	AZTREONAM/CEFIDEROCOL/CEPHALOSPORIN	POINTX	592	592	100.0	99.49	592	WP_000642196.1	penicillin-binding protein PBP3 FtsI		
SAMN04015003		NZ_CP021684.1	17849	18583	-	erm(B)	23S rRNA (adenine(2058)-N(6))-methyltransferase Erm(B)	core	AMR	AMR	LINCOSAMIDE/MACROLIDE/STREPTOGRAMIN	CLINDAMYCIN/ERYTHROMYCIN/STREPTOGRAMIN B	BLASTX	245	245	100.0	99.59	245	WP_002321849.1	23S rRNA (adenine(2058)-N(6))-methyltransferase Erm(B)		
SAMN04015003		NZ_CP021684.1	19765	20667	+	mph(A)	Mph(A) family macrolide 2'-phosphotransferase	core	AMR	AMR	MACROLIDE	AZITHROMYCIN/ERYTHROMYCIN/SPIRAMYCIN/TELITHROMYCIN	BLASTX	301	301	100.0	100.0	301	WP_000219391.1	Mph(A) family macrolide 2'-phosphotransferase		
SAMN04015003		NZ_CP021684.1	20676	21911	+	mrx(A)	phosphorylated macrolide efflux MFS transporter Mrx(A)	core	AMR	AMR	MACROLIDE	AZITHROMYCIN/ERYTHROMYCIN/SPIRAMYCIN/TELITHROMYCIN	EXACTX	412	412	100.0	100.0	412	WP_000004159.1	phosphorylated macrolide efflux MFS transporter Mrx(A)		
SAMN04015003		NZ_CP021684.1	24797	25654	+	blaTEM-1	broad-spectrum class A beta-lactamase TEM-1	core	AMR	AMR	BETA-LACTAM	BETA-LACTAM	ALLELEX	286	286	100.0	100.0	286	WP_000027057.1	broad-spectrum class A beta-lactamase TEM-1		
SAMN06808253		NZ_CP021179.1	610121	611509	+	uhpT_E350Q	Escherichia fosfomycin resistant UhpT	core	AMR	POINT	FOSFOMYCIN	FOSFOMYCIN	POINTX	463	463	100.0	99.78	463	WP_000879194.1	hexose phosphate transporter UhpT		
SAMN06808253		NZ_CP021179.1	1281526	1283415	+	parE_I529L	Escherichia quinolone resistant ParE	core	AMR	POINT	QUINOLONE	QUINOLONE	POINTX	630	630	100.0	99.52	630	WP_033554192.1	DNA topoisomerase IV subunit B ParE		
SAMN06808253		NZ_CP021179.1	1298411	1300666	+	parC_E84V	Escherichia quinolone resistant ParC	core	AMR	POINT	QUINOLONE	QUINOLONE	POINTX	752	752	100.0	99.2	752	WP_001281881.1	DNA topoisomerase IV subunit A ParC		
SAMN06808253		NZ_CP021179.1	1298411	1300666	+	parC_S80I	Escherichia quinolone resistant ParC	core	AMR	POINT	QUINOLONE	QUINOLONE	POINTX	752	752	100.0	99.2	752	WP_001281881.1	DNA topoisomerase IV subunit A ParC		
SAMN06808253		NZ_CP021179.1	2032285	2034009	-	ptsI_V25I	Escherichia fosfomycin resistant PtsI	core	AMR	POINT	FOSFOMYCIN	FOSFOMYCIN	POINTX	575	575	100.0	99.65	575	WP_000623140.1	phosphoenolpyruvate--protein phosphotransferase PtsI		
SAMN06808253		NZ_CP021179.1	2221361	2223985	+	gyrA_D87N	Escherichia quinolone resistant GyrA	core	AMR	POINT	QUINOLONE	QUINOLONE	POINTX	875	878	99.66	98.86	875	WP_001281243.1	DNA gyrase subunit A GyrA		
SAMN06808253		NZ_CP021179.1	2221361	2223985	+	gyrA_S83L	Escherichia quinolone resistant GyrA	core	AMR	POINT	QUINOLONE	QUINOLONE	POINTX	875	878	99.66	98.86	875	WP_001281243.1	DNA gyrase subunit A GyrA		
SAMN06808253		NZ_CP021180.1	26728	27198	+	dfrA17	trimethoprim-resistant dihydrofolate reductase DfrA17	core	AMR	AMR	TRIMETHOPRIM	TRIMETHOPRIM	EXACTX	157	157	100.0	100.0	157	WP_001389366.1	trimethoprim-resistant dihydrofolate reductase DfrA17		
SAMN06808253		NZ_CP021180.1	27332	28117	+	aadA5	ANT(3'')-Ia family aminoglycoside nucleotidyltransferase AadA5	core	AMR	AMR	AMINOGLYCOSIDE	STREPTOMYCIN	EXACTX	262	262	100.0	100.0	262	WP_000503573.1	ANT(3'')-Ia family aminoglycoside nucleotidyltransferase AadA5		
SAMN06808253		NZ_CP021180.1	28326	28670	+	qacEdelta1	quaternary ammonium compound efflux SMR transporter QacE delta 1	core	STRESS	BIOCIDE	QUATERNARY AMMONIUM	QUATERNARY AMMONIUM	ALLELEX	115	115	100.0	100.0	115	WP_000679427.1	quaternary ammonium compound efflux SMR transporter QacE delta 1		
SAMN06808253		NZ_CP021180.1	28667	29503	+	sul1	sulfonamide-resistant dihydropteroate synthase Sul1	core	AMR	AMR	SULFONAMIDE	SULFONAMIDE	EXACTX	279	279	100.0	100.0	279	WP_000259031.1	sulfonamide-resistant dihydropteroate synthase Sul1		
SAMN06808253		NZ_CP021180.1	33585	34820	-	mrx(A)	phosphorylated macrolide efflux MFS transporter Mrx(A)	core	AMR	AMR	MACROLIDE	AZITHROMYCIN/ERYTHROMYCIN/SPIRAMYCIN/TELITHROMYCIN	EXACTX	412	412	100.0	100.0	412	WP_000004159.1	phosphorylated macrolide efflux MFS transporter Mrx(A)		
SAMN06808253		NZ_CP021180.1	34820	35722	-	mph(A)	Mph(A) family macrolide 2'-phosphotransferase	core	AMR	AMR	MACROLIDE	AZITHROMYCIN/ERYTHROMYCIN/SPIRAMYCIN/TELITHROMYCIN	EXACTX	301	301	100.0	100.0	301	WP_000219391.1	Mph(A) family macrolide 2'-phosphotransferase		
SAMN06808253		NZ_CP021180.1	37093	37905	+	sul2	sulfonamide-resistant dihydropteroate synthase Sul2	core	AMR	AMR	SULFONAMIDE	SULFONAMIDE	EXACTX	271	271	100.0	100.0	271	WP_001043260.1	sulfonamide-resistant dihydropteroate synthase Sul2		
SAMN06808253		NZ_CP021180.1	37969	38769	+	aph(3'')-Ib	aminoglycoside O-phosphotransferase APH(3'')-Ib	core	AMR	AMR	AMINOGLYCOSIDE	STREPTOMYCIN	EXACTX	267	267	100.0	100.0	267	WP_001082319.1	aminoglycoside O-phosphotransferase APH(3'')-Ib		
SAMN06808253		NZ_CP021180.1	38772	39605	+	aph(6)-Id	aminoglycoside O-phosphotransferase APH(6)-Id	core	AMR	AMR	AMINOGLYCOSIDE	STREPTOMYCIN	EXACTX	278	278	100.0	100.0	278	WP_000480972.1	aminoglycoside O-phosphotransferase APH(6)-Id		
SAMN06808253		NZ_CP021180.1	40662	41858	+	tet(A)	tetracycline efflux MFS transporter Tet(A)	core	AMR	AMR	TETRACYCLINE	TETRACYCLINE	EXACTX	399	399	100.0	100.0	399	WP_000804064.1	tetracycline efflux MFS transporter Tet(A)		
SAMN06808253		NZ_CP021180.1	125693	126565	+	blaCTX-M-27	extended-spectrum class A beta-lactamase CTX-M-27	core	AMR	AMR	BETA-LACTAM	CEPHALOSPORIN	ALLELEX	291	291	100.0	100.0	291	WP_032277257.1	extended-spectrum class A beta-lactamase CTX-M-27		
SAMN06828737		NZ_CP021175.1	642994	644769	-	ftsI_N337NYRIN	Escherichia aztreonam/cefiderocol/cephalosporin resistant FtsI	core	AMR	POINT	BETA-LACTAM	AZTREONAM/CEFIDEROCOL/CEPHALOSPORIN	POINTX	592	592	100.0	99.49	592	WP_000642196.1	penicillin-binding protein PBP3 FtsI		
SAMN06828737		NZ_CP021175.1	2182344	2184233	+	parE_S458A	Escherichia quinolone resistant ParE	core	AMR	POINT	QUINOLONE	QUINOLONE	POINTX	630	630	100.0	99.68	630	WP_033554192.1	DNA topoisomerase IV subunit B ParE		
SAMN06828737		NZ_CP021175.1	2191767	2194022	+	parC_S80I	Escherichia quinolone resistant ParC	core	AMR	POINT	QUINOLONE	QUINOLONE	POINTX	752	752	100.0	99.87	752	WP_001281881.1	DNA topoisomerase IV subunit A ParC		
SAMN06828737		NZ_CP021175.1	3128171	3130795	+	gyrA_D87N	Escherichia quinolone resistant GyrA	core	AMR	POINT	QUINOLONE	QUINOLONE	POINTX	875	878	99.66	98.74	875	WP_001281243.1	DNA gyrase subunit A GyrA		
SAMN06828737		NZ_CP021175.1	3128171	3130795	+	gyrA_S83L	Escherichia quinolone resistant GyrA	core	AMR	POINT	QUINOLONE	QUINOLONE	POINTX	875	878	99.66	98.74	875	WP_001281243.1	DNA gyrase subunit A GyrA		
SAMN06828737		NZ_CP021175.1	3570795	3571997	-	tet(B)	tetracycline efflux MFS transporter Tet(B)	core	AMR	AMR	TETRACYCLINE	TETRACYCLINE	EXACTX	401	401	100.0	100.0	401	WP_001089068.1	tetracycline efflux MFS transporter Tet(B)		
SAMN06828737		NZ_CP021175.1	4803844	4804563	-	nfsA_G126R	Escherichia nitrofurantoin resistant NfsA	core	AMR	POINT	NITROFURAN	NITROFURANTOIN	POINTX	240	240	100.0	98.75	240	WP_089631889.1	nitroreductase NfsA		
SAMN06828737		NZ_CP021176.1	24552	26174	+	mcr-1.1	phosphoethanolamine--lipid A transferase MCR-1.1	core	AMR	AMR	COLISTIN	COLISTIN	ALLELEX	541	541	100.0	100.0	541	WP_049589868.1	phosphoethanolamine--lipid A transferase MCR-1.1		
SAMN06828737		NZ_CP021177.1	69515	70387	+	blaCTX-M-65	extended-spectrum class A beta-lactamase CTX-M-65	core	AMR	AMR	BETA-LACTAM	CEPHALOSPORIN	ALLELEX	291	291	100.0	100.0	291	WP_013188475.1	extended-spectrum class A beta-lactamase CTX-M-65		
SAMN06828737		NZ_CP021177.1	73146	73559	-	fosA3	fosfomycin resistance glutathione transferase FosA3	core	AMR	AMR	FOSFOMYCIN	FOSFOMYCIN	ALLELEX	138	138	100.0	100.0	138	WP_014839980.1	fosfomycin resistance glutathione transferase FosA3		
SAMN06828737		NZ_CP021177.1	76082	76576	+	dfrA12	trimethoprim-resistant dihydrofolate reductase DfrA12	core	AMR	AMR	TRIMETHOPRIM	TRIMETHOPRIM	EXACTX	165	165	100.0	100.0	165	WP_001083725.1	trimethoprim-resistant dihydrofolate reductase DfrA12		
SAMN06828737		NZ_CP021177.1	76986	77774	+	aadA2	ANT(3'')-Ia family aminoglycoside nucleotidyltransferase AadA2	core	AMR	AMR	AMINOGLYCOSIDE	STREPTOMYCIN	EXACTX	263	263	100.0	100.0	263	WP_001206356.1	ANT(3'')-Ia family aminoglycoside nucleotidyltransferase AadA2		
SAMN06828737		NZ_CP021177.1	77941	78285	+	qacEdelta1	quaternary ammonium compound efflux SMR transporter QacE delta 1	core	STRESS	BIOCIDE	QUATERNARY AMMONIUM	QUATERNARY AMMONIUM	ALLELEX	115	115	100.0	100.0	115	WP_000679427.1	quaternary ammonium compound efflux SMR transporter QacE delta 1		
SAMN06828737		NZ_CP021177.1	78282	79118	+	sul1	sulfonamide-resistant dihydropteroate synthase Sul1	core	AMR	AMR	SULFONAMIDE	SULFONAMIDE	EXACTX	279	279	100.0	100.0	279	WP_000259031.1	sulfonamide-resistant dihydropteroate synthase Sul1		
SAMN06828737		NZ_CP021177.1	83530	83892	-	ble	bleomycin binding protein Ble-MBL	core	AMR	AMR	BLEOMYCIN	BLEOMYCIN	EXACTX	121	121	100.0	100.0	121	WP_004201167.1	bleomycin binding protein Ble-MBL		
SAMN06828737		NZ_CP021177.1	83899	84708	-	blaNDM-9	taniborbactam-resistant subclass B1 metallo-beta-lactamase NDM-9	core	AMR	AMR	BETA-LACTAM	CARBAPENEM/TANIBORBACTAM	ALLELEX	270	270	100.0	100.0	270	WP_032495672.1	taniborbactam-resistant subclass B1 metallo-beta-lactamase NDM-9		
SAMN06828737		NZ_CP021177.1	94474	95685	+	floR	chloramphenicol/florfenicol efflux MFS transporter FloR	core	AMR	AMR	PHENICOL	CHLORAMPHENICOL/FLORFENICOL	EXACTX	404	404	100.0	100.0	404	WP_000214122.1	chloramphenicol/florfenicol efflux MFS transporter FloR		
SAMN07291512		NZ_CP027135.1	104576	105127	+	aac(6')-Ib-cr5	fluoroquinolone-acetylating aminoglycoside 6'-N-acetyltransferase AAC(6')-Ib-cr5	core	AMR	AMR	AMINOGLYCOSIDE/QUINOLONE	AMIKACIN/KANAMYCIN/QUINOLONE/TOBRAMYCIN	ALLELEX	184	184	100.0	100.0	184	WP_063840321.1	fluoroquinolone-acetylating aminoglycoside 6'-N-acetyltransferase AAC(6')-Ib-cr5		
SAMN07291512		NZ_CP027135.1	105261	106088	+	blaOXA-1	oxacillin-hydrolyzing class D beta-lactamase OXA-1	core	AMR	AMR	BETA-LACTAM	CEPHALOSPORIN	ALLELEX	276	276	100.0	100.0	276	WP_001334766.1	oxacillin-hydrolyzing class D beta-lactamase OXA-1		
SAMN07291512		NZ_CP027135.1	106229	106669	+	catB3	type B-3 chloramphenicol O-acetyltransferase CatB3	core	AMR	AMR	PHENICOL	CHLORAMPHENICOL	PARTIALX	147	210	70.0	100.0	147	WP_000186237.1	type B-3 chloramphenicol O-acetyltransferase CatB3		
SAMN07291512		NZ_CP027135.1	107534	108391	+	aac(3)-IIe	aminoglycoside N-acetyltransferase AAC(3)-IIe	core	AMR	AMR	AMINOGLYCOSIDE	GENTAMICIN	EXACTX	286	286	100.0	100.0	286	WP_000557452.1	aminoglycoside N-acetyltransferase AAC(3)-IIe		
SAMN07291512		NZ_CP027135.1	113551	114423	-	blaCTX-M-15	extended-spectrum class A beta-lactamase CTX-M-15	core	AMR	AMR	BETA-LACTAM	CEPHALOSPORIN	ALLELEX	291	291	100.0	100.0	291	WP_000239590.1	extended-spectrum class A beta-lactamase CTX-M-15		
SAMN07291512		NZ_CP027135.1	117244	118101	+	blaTEM-1	broad-spectrum class A beta-lactamase TEM-1	core	AMR	AMR	BETA-LACTAM	BETA-LACTAM	ALLELEX	286	286	100.0	100.0	286	WP_000027057.1	broad-spectrum class A beta-lactamase TEM-1		
SAMN07291512		NZ_CP027138.1	18228	19085	-	blaTEM-1	broad-spectrum class A beta-lactamase TEM-1	core	AMR	AMR	BETA-LACTAM	BETA-LACTAM	ALLELEX	286	286	100.0	100.0	286	WP_000027057.1	broad-spectrum class A beta-lactamase TEM-1		
SAMN07291512		NZ_CP027138.1	61960	62817	-	blaTEM-1	broad-spectrum class A beta-lactamase TEM-1	core	AMR	AMR	BETA-LACTAM	BETA-LACTAM	ALLELEX	286	286	100.0	100.0	286	WP_000027057.1	broad-spectrum class A beta-lactamase TEM-1		
SAMN07291512		NZ_CP027138.1	63908	64414	+	dfrA8	trimethoprim-resistant dihydrofolate reductase DfrA8	core	AMR	AMR	TRIMETHOPRIM	TRIMETHOPRIM	EXACTX	169	169	100.0	100.0	169	WP_000571065.1	trimethoprim-resistant dihydrofolate reductase DfrA8		
SAMN07291512		NZ_CP027138.1	67884	68672	+	sul3	sulfonamide-resistant dihydropteroate synthase Sul3	core	AMR	AMR	SULFONAMIDE	SULFONAMIDE	EXACTX	263	263	100.0	100.0	263	WP_000034420.1	sulfonamide-resistant dihydropteroate synthase Sul3		
SAMN07291512		NZ_CP027138.1	69858	70187	-	qacL	quaternary ammonium compound efflux SMR transporter QacL	core	STRESS	BIOCIDE	QUATERNARY AMMONIUM	QUATERNARY AMMONIUM	EXACTX	110	110	100.0	100.0	110	WP_000800531.1	quaternary ammonium compound efflux SMR transporter QacL		
SAMN07291512		NZ_CP027138.1	70360	71145	-	aadA1	ANT(3'')-Ia family aminoglycoside nucleotidyltransferase AadA1	core	AMR	AMR	AMINOGLYCOSIDE	STREPTOMYCIN	EXACTX	262	262	100.0	100.0	262	WP_001206315.1	ANT(3'')-Ia family aminoglycoside nucleotidyltransferase AadA1		
SAMN07291512		NZ_CP027138.1	71206	72660	-	estX/sat2	bifunctional putative esterase EstX/streptothricin N-acetyltransferase Sat1	core	AMR	AMR	MACROLIDE/STREPTOTHRICIN	STREPTOTHRICIN/TYLOSIN	INTERNAL_STOP	485	485	100.0	99.79	485	WP_446913733.1	bifunctional putative esterase EstX/streptothricin N-acetyltransferase Sat1		
SAMN07291512		NZ_CP027138.1	75314	75952	-	catA3	type A-3 chloramphenicol O-acetyltransferase CatIII	core	AMR	AMR	PHENICOL	CHLORAMPHENICOL	EXACTX	213	213	100.0	100.0	213	WP_005826111.1	type A-3 chloramphenicol O-acetyltransferase CatIII		
SAMN10221061		CP043743.1	3	500	-	aadA2	ANT(3'')-Ia family aminoglycoside nucleotidyltransferase AadA2	core	AMR	AMR	AMINOGLYCOSIDE	STREPTOMYCIN	PARTIAL_CONTIG_ENDX	166	263	63.12	100.0	166	WP_001206356.1	ANT(3'')-Ia family aminoglycoside nucleotidyltransferase AadA2		
SAMN10221061		CP043743.1	911	1405	-	dfrA12	trimethoprim-resistant dihydrofolate reductase DfrA12	core	AMR	AMR	TRIMETHOPRIM	TRIMETHOPRIM	EXACTX	165	165	100.0	100.0	165	WP_001083725.1	trimethoprim-resistant dihydrofolate reductase DfrA12		
SAMN10221061		CP043743.1	11803	12999	+	tet(A)	tetracycline efflux MFS transporter Tet(A)	core	AMR	AMR	TETRACYCLINE	TETRACYCLINE	BLASTX	399	399	100.0	99.75	399	WP_000804064.1	tetracycline efflux MFS transporter Tet(A)		
SAMN10221061		CP043743.1	114162	114950	+	sul3	sulfonamide-resistant dihydropteroate synthase Sul3	core	AMR	AMR	SULFONAMIDE	SULFONAMIDE	EXACTX	263	263	100.0	100.0	263	WP_000034420.1	sulfonamide-resistant dihydropteroate synthase Sul3		
SAMN10221061		CP043743.1	116136	116465	-	qacL	quaternary ammonium compound efflux SMR transporter QacL	core	STRESS	BIOCIDE	QUATERNARY AMMONIUM	QUATERNARY AMMONIUM	EXACTX	110	110	100.0	100.0	110	WP_000800531.1	quaternary ammonium compound efflux SMR transporter QacL		
SAMN10221061		CP043743.1	116638	117426	-	aadA1	ANT(3'')-Ia family aminoglycoside nucleotidyltransferase AadA1	core	AMR	AMR	AMINOGLYCOSIDE	STREPTOMYCIN	EXACTX	263	263	100.0	100.0	263	WP_001206316.1	ANT(3'')-Ia family aminoglycoside nucleotidyltransferase AadA1		
SAMN10221061		CP043743.1	117522	118778	-	cmlA1	chloramphenicol efflux MFS transporter CmlA1	core	AMR	AMR	PHENICOL	CHLORAMPHENICOL	EXACTX	419	419	100.0	100.0	419	WP_000095725.1	chloramphenicol efflux MFS transporter CmlA1		
SAMN10221061		CP043743.1	119043	119831	-	aadA2	ANT(3'')-Ia family aminoglycoside nucleotidyltransferase AadA2	core	AMR	AMR	AMINOGLYCOSIDE	STREPTOMYCIN	EXACTX	263	263	100.0	100.0	263	WP_001261740.1	ANT(3'')-Ia family aminoglycoside nucleotidyltransferase AadA2		
SAMN10221061		CP043743.1	119952	120815	-	blaCARB-2	PSE family carbenicillin-hydrolyzing class A beta-lactamase CARB-2	core	AMR	AMR	BETA-LACTAM	BETA-LACTAM	ALLELEX	288	288	100.0	100.0	288	WP_001931474.1	PSE family carbenicillin-hydrolyzing class A beta-lactamase CARB-2		
SAMN10221061		CP043743.1	121078	121731	-	qnrA1	quinolone resistance pentapeptide repeat protein QnrA1	core	AMR	AMR	QUINOLONE	QUINOLONE	ALLELEX	218	218	100.0	100.0	218	WP_012579084.1	quinolone resistance pentapeptide repeat protein QnrA1		
SAMN10221061		CP043743.1	124012	124848	-	sul1	sulfonamide-resistant dihydropteroate synthase Sul1	core	AMR	AMR	SULFONAMIDE	SULFONAMIDE	EXACTX	279	279	100.0	100.0	279	WP_000259031.1	sulfonamide-resistant dihydropteroate synthase Sul1		
SAMN10221061		CP043743.1	124845	125189	-	qacEdelta1	quaternary ammonium compound efflux SMR transporter QacE delta 1	core	STRESS	BIOCIDE	QUATERNARY AMMONIUM	QUATERNARY AMMONIUM	ALLELEX	115	115	100.0	100.0	115	WP_000679427.1	quaternary ammonium compound efflux SMR transporter QacE delta 1		
SAMN10221115		CP043740.1	21512	22408	-	aac(3)-VIa	aminoglycoside N-acetyltransferase AAC(3)-VIa	core	AMR	AMR	AMINOGLYCOSIDE	GENTAMICIN	EXACTX	299	299	100.0	100.0	299	WP_000131886.1	aminoglycoside N-acetyltransferase AAC(3)-VIa		
SAMN10221115		CP043740.1	22578	23366	-	aadA1	ANT(3'')-Ia family aminoglycoside nucleotidyltransferase AadA1	core	AMR	AMR	AMINOGLYCOSIDE	STREPTOMYCIN	EXACTX	263	263	100.0	100.0	263	WP_001206316.1	ANT(3'')-Ia family aminoglycoside nucleotidyltransferase AadA1		
SAMN10221115		CP043740.1	25644	26513	+	blaHER-3	class A beta-lactamase HER-3	core	AMR	AMR	BETA-LACTAM	BETA-LACTAM	ALLELEX	290	290	100.0	100.0	290	WP_023281079.1	class A beta-lactamase HER-3		
SAMN10221115		CP043741.1	2334	2828	+	dfrA12	trimethoprim-resistant dihydrofolate reductase DfrA12	core	AMR	AMR	TRIMETHOPRIM	TRIMETHOPRIM	EXACTX	165	165	100.0	100.0	165	WP_001083725.1	trimethoprim-resistant dihydrofolate reductase DfrA12		
SAMN10221115		CP043741.1	3239	4027	+	aadA2	ANT(3'')-Ia family aminoglycoside nucleotidyltransferase AadA2	core	AMR	AMR	AMINOGLYCOSIDE	STREPTOMYCIN	EXACTX	263	263	100.0	100.0	263	WP_001206356.1	ANT(3'')-Ia family aminoglycoside nucleotidyltransferase AadA2		
SAMN10221115		CP043741.1	4194	4538	+	qacEdelta1	quaternary ammonium compound efflux SMR transporter QacE delta 1	core	STRESS	BIOCIDE	QUATERNARY AMMONIUM	QUATERNARY AMMONIUM	ALLELEX	115	115	100.0	100.0	115	WP_000679427.1	quaternary ammonium compound efflux SMR transporter QacE delta 1		
SAMN10221115		CP043741.1	4535	5371	+	sul1	sulfonamide-resistant dihydropteroate synthase Sul1	core	AMR	AMR	SULFONAMIDE	SULFONAMIDE	EXACTX	279	279	100.0	100.0	279	WP_000259031.1	sulfonamide-resistant dihydropteroate synthase Sul1		
SAMN10221115		CP043741.1	7652	8305	+	qnrA1	quinolone resistance pentapeptide repeat protein QnrA1	core	AMR	AMR	QUINOLONE	QUINOLONE	ALLELEX	218	218	100.0	100.0	218	WP_012579084.1	quinolone resistance pentapeptide repeat protein QnrA1		
SAMN10221115		CP043741.1	8568	9431	+	blaCARB-2	PSE family carbenicillin-hydrolyzing class A beta-lactamase CARB-2	core	AMR	AMR	BETA-LACTAM	BETA-LACTAM	ALLELEX	288	288	100.0	100.0	288	WP_001931474.1	PSE family carbenicillin-hydrolyzing class A beta-lactamase CARB-2		
SAMN10221115		CP043741.1	9552	10340	+	aadA2	ANT(3'')-Ia family aminoglycoside nucleotidyltransferase AadA2	core	AMR	AMR	AMINOGLYCOSIDE	STREPTOMYCIN	EXACTX	263	263	100.0	100.0	263	WP_001261740.1	ANT(3'')-Ia family aminoglycoside nucleotidyltransferase AadA2		
SAMN10221115		CP043741.1	10605	11861	+	cmlA1	chloramphenicol efflux MFS transporter CmlA1	core	AMR	AMR	PHENICOL	CHLORAMPHENICOL	EXACTX	419	419	100.0	100.0	419	WP_000095725.1	chloramphenicol efflux MFS transporter CmlA1		
SAMN10221115		CP043741.1	11957	12745	+	aadA1	ANT(3'')-Ia family aminoglycoside nucleotidyltransferase AadA1	core	AMR	AMR	AMINOGLYCOSIDE	STREPTOMYCIN	EXACTX	263	263	100.0	100.0	263	WP_001206316.1	ANT(3'')-Ia family aminoglycoside nucleotidyltransferase AadA1		
SAMN10221115		CP043741.1	12918	13247	+	qacL	quaternary ammonium compound efflux SMR transporter QacL	core	STRESS	BIOCIDE	QUATERNARY AMMONIUM	QUATERNARY AMMONIUM	EXACTX	110	110	100.0	100.0	110	WP_000800531.1	quaternary ammonium compound efflux SMR transporter QacL		
SAMN10221115		CP043741.1	14433	15221	-	sul3	sulfonamide-resistant dihydropteroate synthase Sul3	core	AMR	AMR	SULFONAMIDE	SULFONAMIDE	EXACTX	263	263	100.0	100.0	263	WP_000034420.1	sulfonamide-resistant dihydropteroate synthase Sul3		
SAMN10221115		CP043741.1	117712	118908	-	tet(A)	tetracycline efflux MFS transporter Tet(A)	core	AMR	AMR	TETRACYCLINE	TETRACYCLINE	BLASTX	399	399	100.0	99.75	399	WP_000804064.1	tetracycline efflux MFS transporter Tet(A)		
SAMN10221255		CP043736.1	1768861	1770849	+	cirA_Q247Ter	Escherichia cefiderocol resistant CirA	core	AMR	POINT_DISRUPT	BETA-LACTAM	CEFIDEROCOL	POINTX	663	663	100.0	99.4	663	WP_000489247.1	catecholate siderophore receptor CirA		
SAMN10221255		CP043736.1	4961347	4963890	-	cyaA_S352T	Escherichia fosmidomycin resistant CyaA	core	AMR	POINT	FOSMIDOMYCIN	FOSMIDOMYCIN	POINTX	848	848	100.0	99.17	848	WP_000281668.1	adenylate cyclase CyaA		
SAMN10221255		CP043737.1	45980	46837	+	blaTEM-1	broad-spectrum class A beta-lactamase TEM-1	core	AMR	AMR	BETA-LACTAM	BETA-LACTAM	ALLELEX	286	286	100.0	100.0	286	WP_000027057.1	broad-spectrum class A beta-lactamase TEM-1		
SAMN10221255		CP043737.1	47074	47907	-	aph(6)-Id	aminoglycoside O-phosphotransferase APH(6)-Id	core	AMR	AMR	AMINOGLYCOSIDE	STREPTOMYCIN	EXACTX	278	278	100.0	100.0	278	WP_000480972.1	aminoglycoside O-phosphotransferase APH(6)-Id		
SAMN10221255		CP043737.1	47910	48710	-	aph(3'')-Ib	aminoglycoside O-phosphotransferase APH(3'')-Ib	core	AMR	AMR	AMINOGLYCOSIDE	STREPTOMYCIN	BLASTX	267	267	100.0	99.63	267	WP_001082319.1	aminoglycoside O-phosphotransferase APH(3'')-Ib		
SAMN10221255		CP043737.1	48774	49586	-	sul2	sulfonamide-resistant dihydropteroate synthase Sul2	core	AMR	AMR	SULFONAMIDE	SULFONAMIDE	EXACTX	271	271	100.0	100.0	271	WP_001043260.1	sulfonamide-resistant dihydropteroate synthase Sul2		
SAMN10221255		CP043737.1	55471	55941	-	dfrA14	trimethoprim-resistant dihydrofolate reductase DfrA14	core	AMR	AMR	TRIMETHOPRIM	TRIMETHOPRIM	EXACTX	157	157	100.0	100.0	157	WP_004201280.1	trimethoprim-resistant dihydrofolate reductase DfrA14		
SAMN10221255		CP043737.1	59966	60619	+	qnrS1	quinolone resistance pentapeptide repeat protein QnrS1	core	AMR	AMR	QUINOLONE	QUINOLONE	ALLELEX	218	218	100.0	100.0	218	WP_001516695.1	quinolone resistance pentapeptide repeat protein QnrS1		
SAMN10221255		CP043737.1	66907	68103	+	tet(A)	tetracycline efflux MFS transporter Tet(A)	core	AMR	AMR	TETRACYCLINE	TETRACYCLINE	BLASTX	399	399	100.0	99.75	399	WP_000804064.1	tetracycline efflux MFS transporter Tet(A)		
SAMN10221255		CP043738.1	54456	55295	+	estX-3	macrolide esterase EstX-3	core	AMR	AMR	MACROLIDE	TYLOSIN	ALLELEX	280	280	100.0	100.0	280	WP_001456218.1	macrolide esterase EstX-3		
SAMN10221255		CP043738.1	55387	56175	+	aadA1	ANT(3'')-Ia family aminoglycoside nucleotidyltransferase AadA1	core	AMR	AMR	AMINOGLYCOSIDE	STREPTOMYCIN	EXACTX	263	263	100.0	100.0	263	WP_001206316.1	ANT(3'')-Ia family aminoglycoside nucleotidyltransferase AadA1		
SAMN10221255		CP043738.1	56348	56677	+	qacL	quaternary ammonium compound efflux SMR transporter QacL	core	STRESS	BIOCIDE	QUATERNARY AMMONIUM	QUATERNARY AMMONIUM	EXACTX	110	110	100.0	100.0	110	WP_000800531.1	quaternary ammonium compound efflux SMR transporter QacL		
SAMN10221255		CP043738.1	57863	58651	-	sul3	sulfonamide-resistant dihydropteroate synthase Sul3	core	AMR	AMR	SULFONAMIDE	SULFONAMIDE	EXACTX	263	263	100.0	100.0	263	WP_000034420.1	sulfonamide-resistant dihydropteroate synthase Sul3		
SAMN10221255		CP043738.1	61586	62443	+	blaTEM-1	broad-spectrum class A beta-lactamase TEM-1	core	AMR	AMR	BETA-LACTAM	BETA-LACTAM	ALLELEX	286	286	100.0	100.0	286	WP_000027057.1	broad-spectrum class A beta-lactamase TEM-1		
SAMN10221523		CP043734.1	50146	52062	+	tet(M)	tetracycline resistance ribosomal protection protein Tet(M)	core	AMR	AMR	TETRACYCLINE	TETRACYCLINE	BLASTX	639	639	100.0	98.12	639	WP_063856397.1	tetracycline resistance ribosomal protection protein Tet(M)		
SAMN10221523		CP043734.1	61586	62080	+	dfrA12	trimethoprim-resistant dihydrofolate reductase DfrA12	core	AMR	AMR	TRIMETHOPRIM	TRIMETHOPRIM	EXACTX	165	165	100.0	100.0	165	WP_001083725.1	trimethoprim-resistant dihydrofolate reductase DfrA12		
SAMN10221523		CP043734.1	62491	63279	+	aadA2	ANT(3'')-Ia family aminoglycoside nucleotidyltransferase AadA2	core	AMR	AMR	AMINOGLYCOSIDE	STREPTOMYCIN	EXACTX	263	263	100.0	100.0	263	WP_001206356.1	ANT(3'')-Ia family aminoglycoside nucleotidyltransferase AadA2		
SAMN10221523		CP043734.1	63544	64800	+	cmlA1	chloramphenicol efflux MFS transporter CmlA1	core	AMR	AMR	PHENICOL	CHLORAMPHENICOL	EXACTX	419	419	100.0	100.0	419	WP_000095725.1	chloramphenicol efflux MFS transporter CmlA1		
SAMN10221523		CP043734.1	64896	65684	+	aadA1	ANT(3'')-Ia family aminoglycoside nucleotidyltransferase AadA1	core	AMR	AMR	AMINOGLYCOSIDE	STREPTOMYCIN	EXACTX	263	263	100.0	100.0	263	WP_001206316.1	ANT(3'')-Ia family aminoglycoside nucleotidyltransferase AadA1		
SAMN10221523		CP043734.1	65857	66186	+	qacL	quaternary ammonium compound efflux SMR transporter QacL	core	STRESS	BIOCIDE	QUATERNARY AMMONIUM	QUATERNARY AMMONIUM	EXACTX	110	110	100.0	100.0	110	WP_000800531.1	quaternary ammonium compound efflux SMR transporter QacL		
SAMN10221523		CP043734.1	67372	68160	-	sul3	sulfonamide-resistant dihydropteroate synthase Sul3	core	AMR	AMR	SULFONAMIDE	SULFONAMIDE	EXACTX	263	263	100.0	100.0	263	WP_000034420.1	sulfonamide-resistant dihydropteroate synthase Sul3		
SAMN10221523		CP043734.1	72655	73512	-	blaTEM-1	broad-spectrum class A beta-lactamase TEM-1	core	AMR	AMR	BETA-LACTAM	BETA-LACTAM	ALLELEX	286	286	100.0	100.0	286	WP_000027057.1	broad-spectrum class A beta-lactamase TEM-1		
SAMN10221523		CP043734.1	76075	76728	-	qnrS1	quinolone resistance pentapeptide repeat protein QnrS1	core	AMR	AMR	QUINOLONE	QUINOLONE	ALLELEX	218	218	100.0	100.0	218	WP_001516695.1	quinolone resistance pentapeptide repeat protein QnrS1		
SAMN10221523		CP043734.1	84938	86134	+	tet(A)	tetracycline efflux MFS transporter Tet(A)	core	AMR	AMR	TETRACYCLINE	TETRACYCLINE	BLASTX	399	399	100.0	99.75	399	WP_000804064.1	tetracycline efflux MFS transporter Tet(A)		
SAMN12359680		CP048290.1	828318	829130	+	sul2	sulfonamide-resistant dihydropteroate synthase Sul2	core	AMR	AMR	SULFONAMIDE	SULFONAMIDE	EXACTX	271	271	100.0	100.0	271	WP_001043260.1	sulfonamide-resistant dihydropteroate synthase Sul2		
SAMN12359680		CP048293.1	44929	45786	-	blaSHV-12	extended-spectrum class A beta-lactamase SHV-12	core	AMR	AMR	BETA-LACTAM	CEFIDEROCOL/CEPHALOSPORIN	ALLELEX	286	286	100.0	100.0	286	WP_002904004.1	extended-spectrum class A beta-lactamase SHV-12		
SAMN12359680		CP048293.1	50489	51301	-	sul2	sulfonamide-resistant dihydropteroate synthase Sul2	core	AMR	AMR	SULFONAMIDE	SULFONAMIDE	EXACTX	271	271	100.0	100.0	271	WP_001043260.1	sulfonamide-resistant dihydropteroate synthase Sul2		
SAMN12359680		CP048293.1	57570	58406	-	sul1	sulfonamide-resistant dihydropteroate synthase Sul1	core	AMR	AMR	SULFONAMIDE	SULFONAMIDE	EXACTX	279	279	100.0	100.0	279	WP_000259031.1	sulfonamide-resistant dihydropteroate synthase Sul1		
SAMN12359680		CP048293.1	58403	58747	-	qacEdelta1	quaternary ammonium compound efflux SMR transporter QacE delta 1	core	STRESS	BIOCIDE	QUATERNARY AMMONIUM	QUATERNARY AMMONIUM	ALLELEX	115	115	100.0	100.0	115	WP_000679427.1	quaternary ammonium compound efflux SMR transporter QacE delta 1		
SAMN12359680		CP048293.1	58933	59970	-	ere(A)	EreA family erythromycin esterase	core	AMR	AMR	MACROLIDE	ERYTHROMYCIN	PARTIALX	346	408	84.8	100.0	346	WP_021566672.1	EreA family erythromycin esterase		
SAMN12359680		CP048293.1	60854	61264	-	arr	NAD(+)--rifampin ADP-ribosyltransferase	core	AMR	AMR	RIFAMYCIN	RIFAMYCIN	EXACTX	137	137	100.0	100.0	137	WP_012695486.1	NAD(+)--rifampin ADP-ribosyltransferase		
SAMN12359680		CP048293.1	61395	62201	-	aac(3)-IIg	aminoglycoside N-acetyltransferase AAC(3)-IIg	core	AMR	AMR	AMINOGLYCOSIDE	GENTAMICIN	EXACTX	269	269	100.0	100.0	269	WP_012695485.1	aminoglycoside N-acetyltransferase AAC(3)-IIg		
SAMN12359680		CP048293.1	64289	64867	-	aac(6')-IIc	aminoglycoside N-acetyltransferase AAC(6')-IIc	core	AMR	AMR	AMINOGLYCOSIDE	GENTAMICIN/KANAMYCIN/TOBRAMYCIN	EXACTX	193	193	100.0	100.0	193	WP_012695484.1	aminoglycoside N-acetyltransferase AAC(6')-IIc		
SAMN12359680		CP048293.1	208071	208928	-	blaTEM-1	broad-spectrum class A beta-lactamase TEM-1	core	AMR	AMR	BETA-LACTAM	BETA-LACTAM	ALLELEX	286	286	100.0	100.0	286	WP_000027057.1	broad-spectrum class A beta-lactamase TEM-1		
SAMN12359680		CP048295.1	21192	22334	+	blaCMY-2	extended-spectrum class C beta-lactamase CMY-2	core	AMR	AMR	BETA-LACTAM	CEPHALOSPORIN	ALLELEX	381	381	100.0	100.0	381	WP_000976514.1	extended-spectrum class C beta-lactamase CMY-2		
SAMN12359680		CP048296.1	82012	83208	-	tet(A)	tetracycline efflux MFS transporter Tet(A)	core	AMR	AMR	TETRACYCLINE	TETRACYCLINE	EXACTX	399	399	100.0	100.0	399	WP_000804064.1	tetracycline efflux MFS transporter Tet(A)		
SAMN12359680		CP048296.1	90463	91359	+	aac(3)-VIa	aminoglycoside N-acetyltransferase AAC(3)-VIa	core	AMR	AMR	AMINOGLYCOSIDE	GENTAMICIN	EXACTX	299	299	100.0	100.0	299	WP_000131886.1	aminoglycoside N-acetyltransferase AAC(3)-VIa		
SAMN12359680		CP048296.1	92892	93353	+	blaTEM	TEM family class A beta-lactamase	core	AMR	AMR	BETA-LACTAM	BETA-LACTAM	PARTIALX	154	286	53.85	100.0	154	WP_000027057.1	broad-spectrum class A beta-lactamase TEM-1		
SAMN12648979		NZ_CP044142.1	51246	52040	+	aadA7	ANT(3'')-Ia family aminoglycoside nucleotidyltransferase AadA7	core	AMR	AMR	AMINOGLYCOSIDE	STREPTOMYCIN	EXACTX	265	265	100.0	100.0	265	WP_001436322.1	ANT(3'')-Ia family aminoglycoside nucleotidyltransferase AadA7		
SAMN12648979		NZ_CP044142.1	52207	52551	+	qacEdelta1	quaternary ammonium compound efflux SMR transporter QacE delta 1	core	STRESS	BIOCIDE	QUATERNARY AMMONIUM	QUATERNARY AMMONIUM	ALLELEX	115	115	100.0	100.0	115	WP_000679427.1	quaternary ammonium compound efflux SMR transporter QacE delta 1		
SAMN12648979		NZ_CP044142.1	52548	53384	+	sul1	sulfonamide-resistant dihydropteroate synthase Sul1	core	AMR	AMR	SULFONAMIDE	SULFONAMIDE	BLASTX	279	279	100.0	99.64	279	WP_000259031.1	sulfonamide-resistant dihydropteroate synthase Sul1		
SAMN12648979		NZ_CP044142.1	114839	116050	+	floR	chloramphenicol/florfenicol efflux MFS transporter FloR	core	AMR	AMR	PHENICOL	CHLORAMPHENICOL/FLORFENICOL	EXACTX	404	404	100.0	100.0	404	WP_000214122.1	chloramphenicol/florfenicol efflux MFS transporter FloR		
SAMN12648979		NZ_CP044142.1	116656	117852	-	tet(A)	tetracycline efflux MFS transporter Tet(A)	core	AMR	AMR	TETRACYCLINE	TETRACYCLINE	EXACTX	399	399	100.0	100.0	399	WP_000804063.1	tetracycline efflux MFS transporter Tet(A)		
SAMN12648979		NZ_CP044142.1	119191	120024	-	aph(6)-Id	aminoglycoside O-phosphotransferase APH(6)-Id	core	AMR	AMR	AMINOGLYCOSIDE	STREPTOMYCIN	EXACTX	278	278	100.0	100.0	278	WP_000480968.1	aminoglycoside O-phosphotransferase APH(6)-Id		
SAMN12648979		NZ_CP044142.1	120027	120827	-	aph(3'')-Ib	aminoglycoside O-phosphotransferase APH(3'')-Ib	core	AMR	AMR	AMINOGLYCOSIDE	STREPTOMYCIN	EXACTX	267	267	100.0	100.0	267	WP_001082319.1	aminoglycoside O-phosphotransferase APH(3'')-Ib		
SAMN12648979		NZ_CP044142.1	120891	121703	-	sul2	sulfonamide-resistant dihydropteroate synthase Sul2	core	AMR	AMR	SULFONAMIDE	SULFONAMIDE	EXACTX	271	271	100.0	100.0	271	WP_001043260.1	sulfonamide-resistant dihydropteroate synthase Sul2		
SAMN12648979		NZ_CP044142.1	150044	151186	+	blaCMY-2	extended-spectrum class C beta-lactamase CMY-2	core	AMR	AMR	BETA-LACTAM	CEPHALOSPORIN	ALLELEX	381	381	100.0	100.0	381	WP_000976514.1	extended-spectrum class C beta-lactamase CMY-2		
SAMN12648980		NZ_CP044137.1	72203	73345	-	blaCMY-2	extended-spectrum class C beta-lactamase CMY-2	core	AMR	AMR	BETA-LACTAM	CEPHALOSPORIN	ALLELEX	381	381	100.0	100.0	381	WP_000976514.1	extended-spectrum class C beta-lactamase CMY-2		
SAMN16304201		CP066201.1	33413	34225	-	sul2	sulfonamide-resistant dihydropteroate synthase Sul2	core	AMR	AMR	SULFONAMIDE	SULFONAMIDE	EXACTX	271	271	100.0	100.0	271	WP_001043260.1	sulfonamide-resistant dihydropteroate synthase Sul2		
SAMN16304201		CP066201.1	36630	37415	-	aadA5	ANT(3'')-Ia family aminoglycoside nucleotidyltransferase AadA5	core	AMR	AMR	AMINOGLYCOSIDE	STREPTOMYCIN	EXACTX	262	262	100.0	100.0	262	WP_000503573.1	ANT(3'')-Ia family aminoglycoside nucleotidyltransferase AadA5		
SAMN16304201		CP066201.1	37549	38019	-	dfrA17	trimethoprim-resistant dihydrofolate reductase DfrA17	core	AMR	AMR	TRIMETHOPRIM	TRIMETHOPRIM	EXACTX	157	157	100.0	100.0	157	WP_001389366.1	trimethoprim-resistant dihydrofolate reductase DfrA17		
SAMN49441675		CP195147.1	699075	701330	+	parC_S80I	Escherichia quinolone resistant ParC	core	AMR	POINT	QUINOLONE	QUINOLONE	POINTX	752	752	100.0	99.87	752	WP_001281881.1	DNA topoisomerase IV subunit A ParC		
SAMN49441675		CP195147.1	1472904	1475528	+	gyrA_D87N	Escherichia quinolone resistant GyrA	core	AMR	POINT	QUINOLONE	QUINOLONE	POINTX	875	878	99.66	98.97	875	WP_001281243.1	DNA gyrase subunit A GyrA		
SAMN49441675		CP195147.1	1472904	1475528	+	gyrA_S83L	Escherichia quinolone resistant GyrA	core	AMR	POINT	QUINOLONE	QUINOLONE	POINTX	875	878	99.66	98.97	875	WP_001281243.1	DNA gyrase subunit A GyrA		
SAMN49441675		CP195147.1	2945103	2945822	-	nfsA_R203C	Escherichia nitrofurantoin resistant NfsA	core	AMR	POINT	NITROFURAN	NITROFURANTOIN	POINTX	240	240	100.0	99.17	240	WP_089631889.1	nitroreductase NfsA		
SAMN49441675		CP195148.1	12565	13422	-	aac(3)-IId	aminoglycoside N-acetyltransferase AAC(3)-IId	core	AMR	AMR	AMINOGLYCOSIDE	GENTAMICIN	EXACTX	286	286	100.0	100.0	286	WP_000557454.1	aminoglycoside N-acetyltransferase AAC(3)-IId		
SAMN49441675		CP195148.1	20306	21502	+	tet(A)	tetracycline efflux MFS transporter Tet(A)	core	AMR	AMR	TETRACYCLINE	TETRACYCLINE	BLASTX	399	399	100.0	99.75	399	WP_000804064.1	tetracycline efflux MFS transporter Tet(A)		
SAMN49441675		CP195148.1	31392	32603	-	floR	chloramphenicol/florfenicol efflux MFS transporter FloR	core	AMR	AMR	PHENICOL	CHLORAMPHENICOL/FLORFENICOL	BLASTX	404	404	100.0	99.75	404	WP_000214122.1	chloramphenicol/florfenicol efflux MFS transporter FloR		
SAMN49441675		CP195148.1	48071	48565	+	dfrA12	trimethoprim-resistant dihydrofolate reductase DfrA12	core	AMR	AMR	TRIMETHOPRIM	TRIMETHOPRIM	EXACTX	165	165	100.0	100.0	165	WP_001083725.1	trimethoprim-resistant dihydrofolate reductase DfrA12		
SAMN49441675		CP195148.1	48976	49764	+	aadA2	ANT(3'')-Ia family aminoglycoside nucleotidyltransferase AadA2	core	AMR	AMR	AMINOGLYCOSIDE	STREPTOMYCIN	EXACTX	263	263	100.0	100.0	263	WP_001206356.1	ANT(3'')-Ia family aminoglycoside nucleotidyltransferase AadA2		
SAMN49441675		CP195148.1	50967	51353	-	bleO	bleomycin binding protein	core	AMR	AMR	BLEOMYCIN	BLEOMYCIN	BLASTX	129	134	96.27	100.0	129	WP_001242578.1	bleomycin binding protein		
SAMN49441675		CP195148.1	52238	52858	+	aadA2	ANT(3'')-Ia family aminoglycoside nucleotidyltransferase AadA2	core	AMR	AMR	AMINOGLYCOSIDE	STREPTOMYCIN	PARTIALX	207	263	78.71	97.58	207	WP_001206356.1	ANT(3'')-Ia family aminoglycoside nucleotidyltransferase AadA2		
SAMN49441675		CP195148.1	53123	54379	+	cmlA1	chloramphenicol efflux MFS transporter CmlA1	core	AMR	AMR	PHENICOL	CHLORAMPHENICOL	EXACTX	419	419	100.0	100.0	419	WP_000095725.1	chloramphenicol efflux MFS transporter CmlA1		
SAMN49441675		CP195148.1	54475	55263	+	aadA1	ANT(3'')-Ia family aminoglycoside nucleotidyltransferase AadA1	core	AMR	AMR	AMINOGLYCOSIDE	STREPTOMYCIN	EXACTX	263	263	100.0	100.0	263	WP_001206316.1	ANT(3'')-Ia family aminoglycoside nucleotidyltransferase AadA1		
SAMN49441675		CP195148.1	55436	55765	+	qacL	quaternary ammonium compound efflux SMR transporter QacL	core	STRESS	BIOCIDE	QUATERNARY AMMONIUM	QUATERNARY AMMONIUM	EXACTX	110	110	100.0	100.0	110	WP_000800531.1	quaternary ammonium compound efflux SMR transporter QacL		
SAMN49441675		CP195148.1	56951	57739	-	sul3	sulfonamide-resistant dihydropteroate synthase Sul3	core	AMR	AMR	SULFONAMIDE	SULFONAMIDE	EXACTX	263	263	100.0	100.0	263	WP_000034420.1	sulfonamide-resistant dihydropteroate synthase Sul3		
SAMN49441675		CP195148.1	62003	62815	+	aph(3')-Ia	aminoglycoside O-phosphotransferase APH(3')-Ia	core	AMR	AMR	AMINOGLYCOSIDE	KANAMYCIN	EXACTX	271	271	100.0	100.0	271	WP_000018329.1	aminoglycoside O-phosphotransferase APH(3')-Ia		
SAMN49441675		CP195148.1	66993	67781	+	aadA2	ANT(3'')-Ia family aminoglycoside nucleotidyltransferase AadA2	core	AMR	AMR	AMINOGLYCOSIDE	STREPTOMYCIN	EXACTX	263	263	100.0	100.0	263	WP_001261740.1	ANT(3'')-Ia family aminoglycoside nucleotidyltransferase AadA2		
SAMN49441675		CP195148.1	67916	68686	+	lnu(F)	lincosamide nucleotidyltransferase Lnu(F)	core	AMR	AMR	LINCOSAMIDE	LINCOSAMIDE	BLASTX	257	273	94.14	98.83	257	WP_000939727.1	lincosamide nucleotidyltransferase Lnu(F)		
SAMN49441675		CP195148.1	70342	72258	+	tet(M)	tetracycline resistance ribosomal protection protein Tet(M)	core	AMR	AMR	TETRACYCLINE	TETRACYCLINE	BLASTX	639	639	100.0	98.12	639	WP_063856397.1	tetracycline resistance ribosomal protection protein Tet(M)		
SAMN49441675		CP195148.1	74451	75308	-	blaTEM-1	broad-spectrum class A beta-lactamase TEM-1	core	AMR	AMR	BETA-LACTAM	BETA-LACTAM	ALLELEX	286	286	100.0	100.0	286	WP_000027057.1	broad-spectrum class A beta-lactamase TEM-1		
SAMN49441675		CP195148.1	78328	78822	+	dfrA12	trimethoprim-resistant dihydrofolate reductase DfrA12	core	AMR	AMR	TRIMETHOPRIM	TRIMETHOPRIM	EXACTX	165	165	100.0	100.0	165	WP_001083725.1	trimethoprim-resistant dihydrofolate reductase DfrA12		
SAMN49441675		CP195148.1	105286	106143	-	blaTEM-1	broad-spectrum class A beta-lactamase TEM-1	core	AMR	AMR	BETA-LACTAM	BETA-LACTAM	ALLELEX	286	286	100.0	100.0	286	WP_000027057.1	broad-spectrum class A beta-lactamase TEM-1		
SAMN49441675		CP195149.1	83129	84331	-	tet(B)	tetracycline efflux MFS transporter Tet(B)	core	AMR	AMR	TETRACYCLINE	TETRACYCLINE	EXACTX	401	401	100.0	100.0	401	WP_001089072.1	tetracycline efflux MFS transporter Tet(B)		
SAMN49441676		CP195145.1	699075	701330	+	parC_S80I	Escherichia quinolone resistant ParC	core	AMR	POINT	QUINOLONE	QUINOLONE	POINTX	752	752	100.0	99.87	752	WP_001281881.1	DNA topoisomerase IV subunit A ParC		
SAMN49441676		CP195145.1	1472722	1475346	+	gyrA_D87N	Escherichia quinolone resistant GyrA	core	AMR	POINT	QUINOLONE	QUINOLONE	POINTX	875	878	99.66	98.97	875	WP_001281243.1	DNA gyrase subunit A GyrA		
SAMN49441676		CP195145.1	1472722	1475346	+	gyrA_S83L	Escherichia quinolone resistant GyrA	core	AMR	POINT	QUINOLONE	QUINOLONE	POINTX	875	878	99.66	98.97	875	WP_001281243.1	DNA gyrase subunit A GyrA		
SAMN49441676		CP195145.1	2944918	2945637	-	nfsA_R203C	Escherichia nitrofurantoin resistant NfsA	core	AMR	POINT	NITROFURAN	NITROFURANTOIN	POINTX	240	240	100.0	99.17	240	WP_089631889.1	nitroreductase NfsA		
SAMN49441676		CP195146.1	83129	84331	-	tet(B)	tetracycline efflux MFS transporter Tet(B)	core	AMR	AMR	TETRACYCLINE	TETRACYCLINE	EXACTX	401	401	100.0	100.0	401	WP_001089072.1	tetracycline efflux MFS transporter Tet(B)		
